iteration,time_sampling,stoc_pol_mean,stoc_pol_std,stoc_pol_max,stoc_pol_min,rollout_success,alpha,delta,time_vpg,time_npg,kl_dist,surr_improvement,running_score,success_rate,constraint_violation,num_samples,time_VF,VF_error_before,VF_error_after,eval_score,eval_success
0,11.061285734176636,-2207.159758551747,370.34194685155586,-1206.401076343708,-3925.6706203428594,"(0.0, 441000)",155.85755601382783,0.05,0.0782163143157959,1.5158569812774658,0.024930242,0.032202046,-2207.159758551747,0.0,441000,40000,1.6278517246246338,0.9998246701191006,0.0612327716829667,-2128.336072780862,"(0.0, 53120)"
1,10.257663488388062,-2114.0813374686213,307.972323388576,-791.6393848378127,-3514.24201557632,"(0.0, 422410)",146.8088886891435,0.05,0.07497620582580566,1.4917876720428467,0.024931462,0.033976328,-2197.851916443434,0.0,422410,40000,3.680098295211792,0.05507657493243614,0.022012841575377973,-2064.831971899131,"(0.0, 51530)"
2,11.062721014022827,-2058.257863836964,202.09292376447667,-1133.3513487569167,-2713.061795769812,"(0.0, 411240)",139.6770379690476,0.05,0.07912421226501465,1.5218408107757568,0.024782311,0.034873974,-2183.8925111827875,0.0,411240,40000,4.33853006362915,0.014787998287932544,0.012712142710402627,-1994.6501525699468,"(0.0, 49790)"
3,10.159587621688843,-1989.14979315416,228.59134447228988,-847.2262995220207,-2855.6227645705444,"(0.0, 397710)",148.112243178582,0.05,0.0774688720703125,1.4741251468658447,0.025149228,0.034847032,-2164.4182393799247,0.0,397710,40000,5.129114389419556,0.02087705078029838,0.019510948365603166,-1983.6600218690492,"(0.0, 49510)"
4,10.26673412322998,-1963.1659171462607,203.70505836332322,-858.1678425117755,-2684.736273103857,"(0.0, 392560)",134.97953656347767,0.05,0.07491159439086914,1.4997215270996094,0.025266288,0.03790071,-2144.2930071565584,0.0,392560,40000,4.7734153270721436,0.019485750366638802,0.01802637045154988,-1972.073924031768,"(0.0, 49220)"
5,10.364452600479126,-1987.687624591875,130.4566767850719,-1281.7323721538903,-2716.1497594469947,"(0.0, 397090)",147.4301436824238,0.05,0.07584333419799805,1.520141363143921,0.025834756,0.032947876,-2128.6324689000903,0.0,397090,40000,5.111059665679932,0.009194857310524595,0.008003025614060492,-1969.6923576671004,"(0.0, 49170)"
6,11.370965480804443,-1962.5711902643047,174.34043817297882,-762.309812535112,-2474.120673624521,"(0.0, 392280)",132.57482242009675,0.05,0.0761864185333252,1.4918506145477295,0.025142392,0.04089186,-2112.026341036512,0.0,392280,40000,5.134251832962036,0.014130240122381368,0.013356668020554827,-1939.251179214221,"(0.0, 48450)"
7,10.569329023361206,-1963.063837471419,177.82512685128108,-552.6802163468362,-2224.218730949183,"(0.5, 392890)",143.90777752914627,0.05,0.07413458824157715,1.482038974761963,0.025317041,0.036660213,-2097.1300906800025,0.5,392890,40000,5.153483867645264,0.013357965077265737,0.012960338275593696,-1897.5774320052594,"(0.0, 47490)"
8,10.563962936401367,-1942.080028722791,190.02983489634659,-622.820129880621,-2194.3993079217166,"(0.0, 388420)",140.40176616783478,0.05,0.07447624206542969,1.4920060634613037,0.024991615,0.0411303,-2081.625084484281,0.0,388420,40000,4.896345853805542,0.016859371276482932,0.015908912917347733,-1834.3448767806228,"(0.0, 46250)"
9,10.585447788238525,-1955.9564815085555,173.24604100411932,-892.9613018424619,-2233.903870929749,"(0.0, 390950)",142.7713217426317,0.05,0.0747823715209961,1.4597556591033936,0.025183516,0.03717568,-2069.0582241867087,0.0,390950,40000,4.907064199447632,0.013548564737833337,0.012995724959523332,-1837.4330473541702,"(0.0, 46120)"
10,11.367131471633911,-1928.5648426524901,270.3533388750687,314.08659127761337,-2353.590783897173,"(1.0, 387150)",148.97087051599178,0.05,0.0770406723022461,1.4836654663085938,0.024845447,0.03569388,-2055.008886033287,1.0,387150,40000,5.056137561798096,0.03077297809003533,0.02873028812437777,-1719.5293239980156,"(0.0, 43640)"
11,11.264440774917603,-1938.555183407088,247.28690684193384,-331.70419899331887,-2574.8062962287804,"(0.5, 388250)",132.25870411831855,0.05,0.07268214225769043,1.5149977207183838,0.02488742,0.040049843,-2043.3635157706674,0.5,388250,40000,4.882473468780518,0.024072429222908677,0.023138577662949657,-1777.8544470318511,"(4.0, 44960)"
12,11.662122011184692,-1931.8078382826156,201.2498463429764,-462.22788972576916,-2134.569483228831,"(0.0, 386580)",131.6578955712098,0.05,0.07461810111999512,1.5106205940246582,0.024648055,0.040009975,-2032.2079480218622,0.0,386580,40000,4.887699842453003,0.016934249094045863,0.015885619021829025,-1782.953245290897,"(0.0, 44830)"
13,11.36647343635559,-1929.2707066615558,257.6007998627162,-474.00497471353805,-2484.438313418581,"(0.5, 386360)",122.62733394058588,0.05,0.0780191421508789,1.479372501373291,0.024772156,0.0497036,-2021.9142238858317,0.5,386360,40000,4.624586582183838,0.025580169886485798,0.02438989363092075,-1785.0790337157396,"(0.0, 45030)"
14,10.368785619735718,-1933.4037832530769,203.90751454235973,-542.7117161059168,-2223.842096702886,"(0.0, 386960)",135.6163695830119,0.05,0.07596468925476074,1.5310423374176025,0.024894904,0.038793467,-2013.0631798225563,0.0,386960,40000,4.746845483779907,0.018871398093010663,0.017445318827046377,-1814.2536233179876,"(0.0, 45670)"
15,10.167170763015747,-1969.6900627515192,172.24707311588924,-809.1839560900206,-2474.187642513147,"(0.0, 393740)",136.4073274279677,0.05,0.0762031078338623,1.5120937824249268,0.025223667,0.03839675,-2008.7258681154526,0.0,393740,40000,3.612440347671509,0.012578398191422412,0.011738725190537619,-1860.2369872215766,"(0.0, 46630)"
16,11.393618106842041,-1945.906380844944,222.29706058265018,-97.36930055888436,-2283.5762798714177,"(0.5, 390080)",145.74076641109326,0.05,0.07311511039733887,1.4833567142486572,0.025443926,0.040654432,-2002.4439193884018,0.5,390080,40000,3.5946614742279053,0.02316708015289547,0.020743521050480357,-1842.0954400332528,"(0.0, 46210)"
17,11.369284391403198,-1887.6640805587904,309.4790840229906,-619.6301005641428,-2264.1842853056737,"(0.5, 378950)",134.4766585612157,0.05,0.07473468780517578,1.4819896221160889,0.025025945,0.039130885,-1990.9659355054407,0.5,378950,40000,4.325342655181885,0.03900663026617397,0.0361123341352804,-1934.3096281873777,"(0.0, 48350)"
18,10.66560673713684,-1939.4086953017,264.2095523106303,-222.43969233110826,-2634.1742619686174,"(0.5, 389020)",137.43103936724046,0.05,0.07802939414978027,1.4732537269592285,0.025085581,0.037799798,-1985.8102114850667,0.5,389020,40000,5.1302525997161865,0.02975806612661326,0.02646414163382407,-1869.306257087586,"(0.0, 47010)"
19,10.577468633651733,-1957.7400392904733,207.1506056168576,-825.1539699461381,-3070.555594811545,"(0.0, 391740)",134.9207111990311,0.05,0.07616281509399414,1.4757461547851562,0.024899958,0.038988672,-1983.0031942656074,0.0,391740,40000,5.066341400146484,0.019607634241120508,0.018174571390144785,-1904.4817766478156,"(0.0, 47690)"
20,11.365119934082031,-1946.0347846860707,235.9466196641152,-521.5597147475754,-2605.7197234767264,"(0.5, 389790)",137.36334107088763,0.05,0.07415604591369629,1.5027210712432861,0.024949199,0.037922658,-1979.3063533076538,0.5,389790,40000,4.766557455062866,0.021339460992526354,0.020033207155946732,-1903.3118885254999,"(0.0, 47630)"
21,11.269876480102539,-1947.4541869026725,196.5252439122893,-478.58210591636737,-2254.6413703809103,"(0.0, 389560)",134.14011076059768,0.05,0.07697558403015137,1.4613075256347656,0.025295444,0.043839652,-1976.1211366671557,0.0,389560,40000,5.039880752563477,0.01552768746497135,0.014329214874485002,-1769.5471541184195,"(0.0, 44560)"
22,10.567743062973022,-1910.91714035067,265.9142769111928,-512.6247047310502,-2183.4364599073683,"(0.0, 383320)",142.7651087567714,0.05,0.07613158226013184,1.487356424331665,0.025025228,0.038769096,-1969.6007370355073,0.0,383320,40000,5.308239698410034,0.027642760830573238,0.025755589575464265,-1845.862838413497,"(4.0, 46550)"
23,10.480125188827515,-1902.771232059779,313.5203116340377,-118.5909471353999,-2507.1417275791587,"(1.5, 382900)",137.34680767858092,0.05,0.07938575744628906,1.4928631782531738,0.025143668,0.038270816,-1962.9177865379345,1.5,382900,40000,5.48776912689209,0.036478323753533916,0.03319398790479176,-1793.311357218742,"(4.0, 45390)"
24,10.680500984191895,-1890.5261834071312,307.7257524479743,-529.0346382691429,-2515.1138530306857,"(0.0, 378980)",138.10150511575424,0.05,0.07477688789367676,1.513460397720337,0.025043247,0.039333288,-1955.6786262248543,0.0,378980,40000,5.2535035610198975,0.03605363662580981,0.03200060529006497,-1855.2157275936772,"(0.0, 46510)"
25,12.574110269546509,-1861.2355420914337,345.00278264160175,-350.55639283342066,-2645.806469515317,"(0.5, 375120)",132.72727402166188,0.05,0.07575678825378418,1.4817736148834229,0.02528316,0.044517558,-1946.2343178115123,0.5,375120,40000,4.990294933319092,0.04382098414556226,0.04187983250533365,-1782.1594870855363,"(4.0, 45320)"
26,10.767125844955444,-1885.5365503988933,323.246073015442,-363.611984943542,-2805.637853674027,"(0.5, 379160)",139.26777275080354,0.05,0.07625818252563477,1.5418033599853516,0.025146538,0.03760778,-1940.1645410702504,0.5,379160,40000,4.89456844329834,0.03696143339444768,0.03546450354168353,-1721.142067165589,"(4.0, 43820)"
27,11.277672290802002,-1856.9345047242587,368.4949715473,38.302499419676465,-2754.7663391932124,"(1.0, 374600)",147.515086295259,0.05,0.07675290107727051,1.5065927505493164,0.025377398,0.035652347,-1931.8415374356512,1.0,374600,40000,4.974402666091919,0.047345678119947415,0.04409630218798186,-1789.5864757869183,"(0.0, 44990)"
28,11.874835968017578,-1862.0288918028932,344.3270481742041,-267.73275037771253,-2232.781603197935,"(1.5, 374800)",152.9502527129869,0.05,0.07344532012939453,1.486631155014038,0.025334327,0.0344052,-1924.8602728723754,1.5,374800,40000,4.469718933105469,0.04310358364266411,0.040408745113538765,-1776.5346889209238,"(0.0, 45010)"
29,11.167543888092041,-1891.7456747917347,308.4153474259814,-313.9119327215511,-2593.8429807931543,"(0.5, 380580)",138.5351233406437,0.05,0.07767128944396973,1.5515902042388916,0.025377534,0.03740037,-1921.5488130643114,0.5,380580,40000,4.338536739349365,0.03727204474256155,0.032803896533132065,-1829.314154397848,"(0.0, 46040)"
30,10.373014688491821,-1839.981877060286,380.80143712948785,276.5173799637226,-2594.951502525208,"(1.0, 371420)",132.1153410729585,0.05,0.07654118537902832,1.522226095199585,0.024778537,0.039615896,-1913.3921194639088,1.0,371420,40000,3.9190175533294678,0.04851048045807019,0.045554428782851104,-1784.2705598521998,"(0.0, 44900)"
31,10.67230749130249,-1825.4314769081986,419.52710275306794,-171.76128613380396,-2784.5429944217017,"(0.5, 368200)",142.05359514015117,0.05,0.07604622840881348,1.5025386810302734,0.025130423,0.037145738,-1904.596055208338,0.5,368200,40000,3.422017812728882,0.05516633166412102,0.05309829088991541,-1724.4162126656133,"(4.0, 43720)"
32,11.281758308410645,-1784.4780521019698,451.1933363640488,706.2855211206271,-2203.9679648176757,"(1.0, 361870)",143.64321651539294,0.05,0.07742714881896973,1.4800519943237305,0.024827657,0.036798097,-1892.5842548977012,1.0,361870,40000,4.399038076400757,0.06760600043913775,0.06540670240410645,-1680.2707420432905,"(4.0, 43000)"
33,11.670481443405151,-1742.1141762369118,492.28733803566246,333.274309550479,-2494.223264131849,"(3.0, 355600)",143.5581785022318,0.05,0.07563400268554688,1.4835023880004883,0.025486935,0.034905102,-1877.5372470316222,3.0,355600,40000,4.516755104064941,0.08446437753329579,0.07945884388368951,-1637.600270807999,"(0.0, 41970)"
34,12.171298265457153,-1766.4903139001544,476.9755151334536,266.85341088028116,-2343.269871667753,"(1.0, 359100)",138.62904225243744,0.05,0.07265210151672363,1.4640064239501953,0.025027184,0.03841256,-1866.4325537184754,1.0,359100,40000,4.066818714141846,0.07371089416388718,0.07066200890032745,-1604.0625720287896,"(4.0, 41280)"
35,11.771068096160889,-1735.2299671325952,513.2088511528037,1.3384046533652807,-2764.872414126821,"(1.0, 353190)",141.25750870778504,0.05,0.0763704776763916,1.4680240154266357,0.025254171,0.03650012,-1853.3122950598874,1.0,353190,40000,4.104717969894409,0.08290922139115717,0.07744269653926211,-1621.4966878786042,"(0.0, 41420)"
36,10.873244285583496,-1679.7813234717191,516.1872726357232,263.807337965333,-2623.67657568024,"(2.5, 342810)",134.15816452236447,0.05,0.07514047622680664,1.463322401046753,0.025072314,0.038819138,-1835.9591979010706,2.5,342810,40000,4.176038503646851,0.09560988109469015,0.08729729308355141,-1457.8074350025404,"(4.0, 38170)"
37,12.674887895584106,-1687.9024816701244,488.46760771738616,-191.54562704882366,-2237.8201201520474,"(0.5, 342550)",136.92191885210497,0.05,0.07540440559387207,1.458592414855957,0.024813626,0.037395142,-1821.1535262779762,0.5,342550,40000,3.8210277557373047,0.08095819330580228,0.07790564134235406,-1352.6330136754802,"(4.0, 35670)"
38,11.869448184967041,-1647.6709236350312,562.3404015305842,1712.3723290968992,-2483.0370774637977,"(2.0, 339590)",141.13867357631136,0.05,0.07573699951171875,1.520801305770874,0.02475596,0.03608963,-1803.8052660136818,2.0,339590,40000,4.0383007526397705,0.11989070609190844,0.11470975766256075,-1339.2337733616823,"(8.0, 35550)"
39,11.969698667526245,-1572.627657760356,624.0405471375522,1008.8239695786613,-2305.7026439643264,"(5.0, 328470)",138.553795087692,0.05,0.07989740371704102,1.5281848907470703,0.025092384,0.035825513,-1780.6875051883494,5.0,328470,40000,4.789310455322266,0.1434499204706529,0.13095308596680216,-1342.623470276431,"(8.0, 35480)"
40,11.67479133605957,-1593.8300513323293,586.6800922440997,513.0176370821965,-2418.0909849304003,"(1.0, 327090)",137.62652654951648,0.05,0.07584500312805176,1.47013258934021,0.025336007,0.03694181,-1762.0017598027475,1.0,327090,40000,4.31527853012085,0.11368149764486635,0.10558886368198293,-957.7306484204308,"(12.0, 30080)"
41,11.680831670761108,-1539.648324597195,596.4627730151302,460.977423174432,-2223.1334010891474,"(3.5, 318900)",139.51558890755052,0.05,0.0755929946899414,1.4748506546020508,0.025196569,0.035704114,-1739.7664162821923,3.5,318900,40000,5.3551108837127686,0.1278107609635432,0.12196506663930515,-935.8886249754746,"(4.0, 27060)"
42,11.474170446395874,-1450.0407839169657,640.085658965985,223.8924877901038,-2553.180726376314,"(4.5, 304190)",135.8020175218539,0.05,0.07454681396484375,1.4745149612426758,0.0247235,0.0373109,-1710.7938530456697,4.5,304190,40000,4.999760627746582,0.170688660709808,0.16036540068687838,-739.845126126951,"(8.0, 22680)"
43,12.27335262298584,-1391.8926727489422,659.3688992035999,1024.769157216033,-2333.039366721745,"(5.5, 297160)",129.6113985193312,0.05,0.0788881778717041,1.5062007904052734,0.02505149,0.038854674,-1678.903735015997,5.5,297160,40000,4.82679295539856,0.20219058703131784,0.18874136048782117,-863.336611111629,"(4.0, 24230)"
44,13.578225374221802,-1354.5913676138082,619.2149964989906,262.3728485112361,-2324.345304277012,"(5.0, 286630)",136.94798666447477,0.05,0.07520294189453125,1.4709208011627197,0.024759794,0.036453087,-1646.472498275778,5.0,286630,40000,4.766662120819092,0.1721009719998195,0.16366219987361283,-776.8352170667916,"(8.0, 22970)"
45,11.777310132980347,-1310.9668183485076,706.8167248109949,922.65704739479,-2484.1036198219895,"(8.5, 286090)",142.22728499873912,0.05,0.08020830154418945,1.4360287189483643,0.02497851,0.035081245,-1612.921930283051,8.5,286090,40000,4.154549598693848,0.21617638885499052,0.20115532535901923,-702.8897991771141,"(4.0, 21030)"
46,12.479560852050781,-1323.108762767529,623.6632856256427,366.42618472417405,-2300.077234543407,"(4.0, 280810)",135.9573688620336,0.05,0.07774877548217773,1.51804518699646,0.02494113,0.03663373,-1583.940613531499,4.0,280810,40000,4.600273370742798,0.18977889909716258,0.17582949129108955,-510.48466530356256,"(4.0, 17600)"
47,11.381951332092285,-1383.490444896677,610.9756811516656,723.1100380485556,-2345.463091361836,"(4.5, 292070)",138.93292617273528,0.05,0.07726597785949707,1.4811859130859375,0.02495593,0.03605183,-1563.8955966680167,4.5,292070,40000,4.06364631652832,0.17281483314907767,0.16060831172286272,-624.7953725241389,"(8.0, 19620)"
48,12.575708150863647,-1180.4255381185324,660.2853274872909,824.9114899942231,-2172.3183062238395,"(7.0, 259080)",135.0749705986826,0.05,0.07674956321716309,1.4970571994781494,0.024896149,0.037485402,-1525.5485908130681,7.0,259080,40000,4.563206195831299,0.26065321932893937,0.23206537205594396,-534.7485259568135,"(8.0, 18040)"
49,11.869909524917603,-1102.707373831768,650.4167819548192,1195.2699950811184,-2162.604428451965,"(9.0, 247800)",139.94070606153252,0.05,0.07535314559936523,1.5290164947509766,0.024965748,0.035756703,-1483.264469114938,9.0,247800,40000,4.174755573272705,0.2841268416791951,0.26483029952584713,-359.31883286308636,"(8.0, 14540)"
50,12.072416305541992,-996.1174938194163,658.978915573242,951.8621683281497,-2206.346247234751,"(10.0, 229880)",138.02818950448952,0.05,0.07456731796264648,1.4541065692901611,0.024865117,0.035571508,-1434.5497715853858,10.0,229880,40000,4.007586717605591,0.30606087675684934,0.2802964041505893,-439.3584247851085,"(4.0, 14560)"
51,13.474758863449097,-900.3349726113852,677.1184129087543,1791.6231415525554,-2182.268020229351,"(13.5, 218050)",142.53581671080886,0.05,0.07560420036315918,1.4807636737823486,0.02512463,0.035723988,-1381.128291687986,13.5,218050,40000,4.151693105697632,0.3802175586611722,0.3604711554868462,-494.3347115209435,"(4.0, 16430)"
52,13.382767677307129,-918.9050046830761,694.9895852905026,2126.459009093318,-2102.101510670361,"(8.5, 214930)",138.55804081927002,0.05,0.08094620704650879,1.4509913921356201,0.024849204,0.036007166,-1334.905962987495,8.5,214930,40000,4.208366870880127,0.3717354099838147,0.35020300426201867,-305.3639789056895,"(12.0, 15520)"
53,12.075483798980713,-933.8406055368536,656.421358054625,1247.5560536974692,-2062.4101897213627,"(10.5, 218020)",140.04359075297248,0.05,0.07600831985473633,1.4950754642486572,0.024893377,0.03530573,-1294.799427242431,10.5,218020,40000,3.819965362548828,0.3469800829534535,0.3201535780742459,-320.786672369992,"(16.0, 14650)"
54,13.277684211730957,-925.0236717186282,726.0779517056001,2117.846377273148,-2062.1702158661174,"(11.5, 221040)",139.82811949357583,0.05,0.07646584510803223,1.4987916946411133,0.025086122,0.035312805,-1257.8218516900506,11.5,221040,40000,4.888265132904053,0.3608982987035702,0.3430253531798324,-388.46455623810766,"(8.0, 13980)"
55,12.37942385673523,-759.5530193411438,657.1836139590823,1085.7357919668264,-1995.325847865218,"(14.5, 193340)",138.71010382979196,0.05,0.07451844215393066,1.5129079818725586,0.025383107,0.03660734,-1207.99496845516,14.5,193340,40000,5.017169952392578,0.43021846817722165,0.3898720734341059,-303.46345300420546,"(12.0, 14000)"
56,13.278281450271606,-759.8988883610384,704.0427960041854,1723.1495873839078,-2008.1049015036226,"(13.5, 196110)",143.719076855468,0.05,0.07599949836730957,1.475130558013916,0.024932368,0.033746693,-1163.1853604457478,13.5,196110,40000,5.236912965774536,0.4256097602382916,0.4015432026184312,-305.01948313652576,"(8.0, 13920)"
57,14.279295682907104,-697.4178444977368,607.9051085972632,1010.4707004271513,-1996.6408989286724,"(15.0, 181850)",136.11847834878395,0.05,0.07769131660461426,1.4495623111724854,0.025163407,0.036675036,-1116.6086088509467,15.0,181850,40000,4.261261940002441,0.39801364918004334,0.37080897569612026,-241.18120383582317,"(12.0, 13550)"
58,12.778464794158936,-695.8917612526336,614.6356394562828,1053.7302669259793,-2316.387273421094,"(14.0, 180280)",136.92622645805844,0.05,0.07495784759521484,1.4772155284881592,0.024939744,0.034927856,-1074.5369240911155,14.0,180280,40000,4.140015602111816,0.40255074418864295,0.3719837890117266,-254.1719197939101,"(16.0, 13110)"
59,13.28015398979187,-558.1636233203229,659.7538716971773,1970.668074177106,-1994.520082620695,"(22.5, 168620)",145.3473475610976,0.05,0.07674384117126465,1.4787697792053223,0.025231734,0.03368353,-1022.8995940140362,22.5,168620,40000,4.08574914932251,0.4923023695837622,0.43827996671791825,-266.3493464757265,"(8.0, 13030)"
60,13.075738430023193,-562.1231000083303,655.1271069170887,1710.7856748375957,-2002.587438390734,"(19.5, 164160)",141.80525726632888,0.05,0.07507753372192383,1.6024785041809082,0.025447952,0.034512807,-976.8219446134656,19.5,164160,40000,4.748534917831421,0.4994003181067478,0.44954217861755935,-202.98028397551613,"(16.0, 12540)"
61,13.679221868515015,-612.0034854450846,637.4560261351052,2752.2906562545368,-2002.3078252556754,"(15.0, 167470)",142.5986464897537,0.05,0.07759571075439453,1.5242178440093994,0.025056414,0.03321908,-940.3400986966275,15.0,167470,40000,5.722301483154297,0.481566423074026,0.4460573345639067,-271.636907950388,"(4.0, 12430)"
62,15.28317403793335,-593.6393511806747,641.9042788880357,1339.3692374186812,-2003.5563972762377,"(16.5, 166650)",146.7409483847803,0.05,0.08632445335388184,1.5244998931884766,0.025230344,0.033470362,-905.6700239450322,16.5,166650,40000,5.645712375640869,0.4549119858007495,0.41605594915980604,-295.59448458419195,"(4.0, 12540)"
63,15.688674449920654,-379.80500124352596,649.3382833410444,1568.6381653637004,-1952.2138379522494,"(25.5, 143990)",163.95216507748796,0.05,0.07719922065734863,1.482271671295166,0.024900543,0.030767133,-853.0835216748816,25.5,143990,40000,5.610457420349121,0.5594397378955756,0.49729375101754686,-212.98063042768277,"(12.0, 12180)"
64,14.178277969360352,-494.12503197699783,599.7461315497852,1691.4462845743199,-2004.064472085722,"(21.0, 154780)",141.10710467285537,0.05,0.07573866844177246,1.4564006328582764,0.025298748,0.032658525,-817.1876727050933,21.0,154780,40000,4.685330152511597,0.5473671448281057,0.48474690419226135,-281.2420357873597,"(12.0, 12160)"
65,13.07224726676941,-409.958632053902,614.0905545804538,1972.759919160291,-2007.2222897915751,"(23.0, 142820)",154.68615248298536,0.05,0.07683229446411133,1.4791502952575684,0.025135199,0.03187086,-776.4647686399742,23.0,142820,40000,3.9608817100524902,0.5585297961454304,0.524360516718579,-293.6720160917232,"(12.0, 12270)"
66,14.696311712265015,-429.9343107430328,577.6115157532502,1473.328988297598,-2000.602796228654,"(19.0, 143270)",155.8775141790069,0.05,0.07721638679504395,1.4650378227233887,0.024921881,0.031706292,-741.8117228502801,19.0,143270,40000,3.894423484802246,0.5537329680082683,0.5197193810976424,-395.5371637011229,"(16.0, 14790)"
67,13.572273254394531,-342.70069395927794,607.6881177272826,2494.0461736090424,-1983.363900660627,"(20.0, 130170)",158.2030359836159,0.05,0.07539939880371094,1.48832368850708,0.025268825,0.0313404,-701.9006199611799,20.0,130170,40000,3.6082184314727783,0.6089420348584506,0.5754371805190996,-327.8694895286006,"(12.0, 14530)"
68,14.97568392753601,-355.0555073573937,619.3192875617132,1679.823943495406,-1757.8026041588303,"(26.0, 139140)",154.48356250258115,0.05,0.07528305053710938,1.4686763286590576,0.025335394,0.031721458,-667.2161087008013,26.0,139140,40000,4.4423747062683105,0.584589931532168,0.5305469123047503,-282.5079120355365,"(12.0, 12080)"
69,13.468060731887817,-360.2978931752498,703.3297661405081,2723.426505076499,-1995.0903190136892,"(24.5, 141210)",149.11742736000232,0.05,0.07505512237548828,1.4723482131958008,0.025088724,0.032734565,-636.5242871482462,24.5,141210,40000,4.118445634841919,0.5615570740388341,0.5198432361561532,-247.63799017784885,"(12.0, 11130)"
70,14.781755447387695,-277.3159484268293,640.5983055914418,1590.1321419324277,-1993.4890617564165,"(32.0, 130820)",155.93621906786043,0.05,0.07572650909423828,1.4758028984069824,0.024925636,0.032329068,-600.6034532761046,32.0,130820,40000,3.792773962020874,0.5509464978414371,0.49226179820447297,-142.07172789277257,"(12.0, 10740)"
71,13.98710012435913,-353.5574346647822,700.7427523009706,2187.5743343396816,-2197.2706323290276,"(24.5, 138790)",141.90900510429785,0.05,0.0805964469909668,1.5234968662261963,0.025041608,0.034037303,-575.8988514149723,24.5,138790,40000,3.658186674118042,0.5446131921469907,0.5012312450473169,-152.18309059351748,"(20.0, 11090)"
72,13.276784658432007,-250.38457462991428,636.9452927430746,1796.1363400350363,-1742.6732441964716,"(28.5, 126390)",159.5158565894933,0.05,0.0763087272644043,1.4834058284759521,0.025320599,0.031112038,-543.3474237364666,28.5,126390,40000,4.344473123550415,0.5235999864252275,0.480198740686028,-98.41199610836003,"(16.0, 10760)"
73,13.677246809005737,-190.18597423498977,680.6401319686335,2476.4363038399647,-1962.885134193195,"(39.0, 126570)",149.85944912934707,0.05,0.07788801193237305,1.4935400485992432,0.02490588,0.03220686,-508.0312787863189,39.0,126570,40000,4.241859197616577,0.5452675441891467,0.5031685890946326,-92.282165617141,"(12.0, 10570)"
74,14.590689420700073,-108.49828592706021,646.2339021206999,1914.3098319058436,-2015.3921615280863,"(40.0, 117300)",157.55091963305665,0.05,0.07689785957336426,1.5679337978363037,0.025169747,0.03149065,-468.0779795003931,40.0,117300,40000,4.704401731491089,0.5572760223011023,0.5158896441296376,-33.350758287028455,"(28.0, 10310)"
75,14.679102182388306,-177.60902969839117,689.5668225657705,2226.162506170054,-1995.695122989253,"(36.0, 123130)",157.95728918319037,0.05,0.07330751419067383,1.4921112060546875,0.02513426,0.030336773,-439.0310845201929,36.0,123130,40000,3.6502439975738525,0.5618706041049882,0.5115480649188514,-111.88218968668569,"(24.0, 10470)"
76,14.874412298202515,-42.41544183194965,660.6280510847452,2023.1958477218093,-2008.6442561676674,"(45.0, 112980)",148.56282434437247,0.05,0.07526135444641113,1.6134278774261475,0.022011893,0.03146956,-399.36952025136856,45.0,112980,40000,4.097660541534424,0.526430154898073,0.45115695210314755,20.889878191615008,"(24.0, 10260)"
77,14.788142204284668,-91.91151747551443,780.2890051863426,2128.4670381997134,-2119.732487188977,"(43.5, 124600)",159.9687129410902,0.05,0.07782721519470215,1.5090360641479492,0.024875484,0.030143064,-368.6237199737831,43.5,124600,40000,4.01299262046814,0.5064046203762831,0.45102199161666984,59.168013278967294,"(24.0, 10550)"
78,14.884055376052856,-65.32561002360376,812.3704733838458,2908.4565890117615,-1985.0434017647976,"(45.0, 125830)",152.4501543944993,0.05,0.07933974266052246,1.4838452339172363,0.025346322,0.030310042,-338.29390897876516,45.0,125830,40000,3.566660165786743,0.5512377410638575,0.49400647177442963,60.56017933284197,"(32.0, 10460)"
79,14.67764949798584,47.41243465459537,810.0787249631869,2912.415786897174,-1996.3265515270639,"(54.0, 120370)",149.94877783305196,0.05,0.0793766975402832,1.5599358081817627,0.025250461,0.031921662,-299.7232746154291,54.0,120370,40000,4.359928846359253,0.4904054832091115,0.44823768947324344,137.3586739191403,"(44.0, 10520)"
80,14.279239177703857,80.25219793438495,913.8701811832592,3292.8658521259836,-1983.2458805358986,"(50.5, 119810)",170.0901312704887,0.05,0.07447052001953125,1.5148754119873047,0.025135064,0.028869912,-261.7257273604477,50.5,119810,40000,3.920837640762329,0.4399712219868882,0.39197238944781426,172.4668270316567,"(52.0, 10880)"
81,14.585085391998291,189.0313181529265,888.3925074708071,2285.586032647197,-2108.6009599799113,"(62.5, 116950)",145.1297705055742,0.05,0.07442426681518555,1.4652130603790283,0.025278352,0.033271838,-216.65002280911028,62.5,116950,40000,3.3898088932037354,0.4348828755621329,0.37636082437220364,243.46195541388218,"(64.0, 10870)"
82,15.27804684638977,87.89894931451838,866.5424615358335,2389.5283926533034,-2004.223833458294,"(65.0, 129740)",150.3609548909325,0.05,0.07747030258178711,1.4860813617706299,0.025227813,0.03263646,-186.19512559674743,65.0,129740,40000,3.7134764194488525,0.46685197022144914,0.4138311683407133,365.7051317600593,"(48.0, 10910)"
83,14.882802963256836,221.43025197843622,969.2525490276743,2532.5329969623817,-2016.0203866937109,"(66.0, 125000)",160.1938861995505,0.05,0.07659578323364258,1.4583871364593506,0.024969976,0.030675163,-145.43258783922906,66.0,125000,40000,3.6238820552825928,0.3994414110139497,0.3765136846860615,329.18338041449056,"(56.0, 10580)"
84,13.684905529022217,505.65530494687255,965.6752925562513,3001.764761993442,-1973.8458903832657,"(75.5, 110510)",154.12013191773954,0.05,0.08074784278869629,1.4960224628448486,0.025056511,0.031701367,-80.32379856061888,75.5,110510,40000,4.006879806518555,0.3344170945035397,0.3062715739913292,231.91307449455738,"(52.0, 10960)"
85,14.292460203170776,537.6715293304736,964.4571010688006,2819.8618912584575,-2007.7185055568546,"(75.0, 109280)",160.75697703074184,0.05,0.07712721824645996,1.4997186660766602,0.02447688,0.03082218,-18.52426577150964,75.0,109280,40000,4.829708814620972,0.32589177634670763,0.3001811872095583,387.5971216824551,"(56.0, 11770)"
86,14.383653163909912,549.4450286404758,1079.396042836503,3247.8836488271622,-2008.1785367873158,"(76.0, 119400)",152.57848042376096,0.05,0.0762794017791748,1.5288753509521484,0.024723759,0.03131716,38.27266366968891,76.0,119400,40000,4.138000965118408,0.3126764140763361,0.26335774512230437,693.9023459675154,"(64.0, 11140)"
87,13.677736759185791,665.6331908372968,1050.8314237936822,3861.306666307376,-1977.9991092274513,"(79.5, 115160)",149.4790825109127,0.05,0.0753326416015625,1.5063362121582031,0.025505759,0.032587778,101.00871638644969,79.5,115160,40000,3.7520408630371094,0.300840107556001,0.2715100835405207,743.6181056635654,"(72.0, 11510)"
88,13.893500089645386,721.5318565086453,994.87969084243,3058.7805586148843,-2016.3917041532266,"(83.5, 112390)",148.8098173579868,0.05,0.07728934288024902,1.5209836959838867,0.024706319,0.03237981,163.06103039866926,83.5,112390,40000,3.9994564056396484,0.2735230715355783,0.24001379924592106,987.7892457688483,"(92.0, 11460)"
89,14.776290893554688,928.8548638015567,980.1697713753634,3016.594656034576,-1519.066914092549,"(88.5, 104620)",169.6361910883872,0.05,0.08182716369628906,1.5318663120269775,0.02547438,0.029504284,239.64041373895802,88.5,104620,40000,4.309749603271484,0.2568412519054979,0.21994892457454238,1052.7774902646156,"(80.0, 11750)"
90,14.88515591621399,822.4649954830307,1097.2937914480522,2816.667534688748,-1646.2976999865757,"(82.5, 119500)",166.63104274154875,0.05,0.07891130447387695,1.5346522331237793,0.02528072,0.029349543,297.92287191336527,82.5,119500,40000,4.67716121673584,0.2697161032921398,0.25190246192584037,1071.3321898456102,"(80.0, 12310)"
91,14.483605146408081,1172.4766366405051,1080.4191388031554,3696.878085934867,-2270.5675564280673,"(90.0, 108200)",157.91817974186625,0.05,0.07568073272705078,1.5012457370758057,0.025318878,0.031237073,385.37824838607924,90.0,108200,40000,4.299387454986572,0.20034207538653037,0.17290804077672076,1121.4516815170202,"(96.0, 11940)"
92,13.982834100723267,1150.322074897439,1217.7972310450646,3612.53998514499,-1993.9681588262388,"(88.0, 114280)",162.43192226516445,0.05,0.07688260078430176,1.5062978267669678,0.024862159,0.030362627,461.8726310372152,88.0,114280,40000,4.255691051483154,0.19712327728098933,0.173515102356032,1378.0909076399323,"(92.0, 10860)"
93,13.887751579284668,996.9208291750067,1318.931723659375,3983.7685463000557,-2008.4360068974274,"(84.5, 123010)",144.77557241688245,0.05,0.07599449157714844,1.487746238708496,0.02501122,0.033693217,515.3774508509944,84.5,123010,40000,4.201313734054565,0.25896971378183326,0.2290345593184529,1486.3319178741044,"(92.0, 12220)"
94,14.580532550811768,1165.5681678933222,1200.6695475998874,3665.4949944022983,-2202.359413336914,"(86.5, 113130)",145.14162238672532,0.05,0.07885599136352539,1.5832993984222412,0.02533004,0.033154342,580.3965225552272,86.5,113130,40000,4.4738805294036865,0.2267629479774886,0.20002699551343409,1496.4050759842776,"(92.0, 12040)"
95,14.677321195602417,1326.466996020145,1250.5082379605399,3668.1926946889803,-1993.8968080566542,"(88.0, 110930)",161.36353169627003,0.05,0.07461714744567871,1.4839539527893066,0.02486073,0.030598791,655.003569901719,88.0,110930,40000,4.084586143493652,0.2031809641391847,0.17152224621447684,1743.0755666654607,"(92.0, 12070)"
96,14.775505304336548,1450.3328354026653,1284.8447377987393,4098.462990588503,-2008.0510427442712,"(87.5, 108560)",158.18402518990544,0.05,0.07547569274902344,1.4795570373535156,0.025192438,0.030625904,734.5364964518136,87.5,108560,40000,4.0001540184021,0.17928426245889761,0.16145116283864996,1577.7430072739749,"(96.0, 10360)"
97,13.800502061843872,1431.2122972160657,1200.5893096516534,4033.539773041055,-2015.1649933170297,"(87.5, 104970)",151.55259202081237,0.05,0.07692694664001465,1.5428380966186523,0.02517006,0.03285095,804.2040765282388,87.5,104970,40000,3.8277621269226074,0.1732430707101603,0.151374771823121,1720.6044188665348,"(92.0, 10350)"
98,14.687750816345215,1462.1199165653234,1410.491219557212,3988.327397404432,-2013.4841623430784,"(87.0, 118750)",150.47189386137381,0.05,0.07762932777404785,1.5684480667114258,0.025572427,0.031561967,869.9956605319474,87.0,118750,40000,3.6864941120147705,0.1703271832260196,0.15341565089145176,2013.9447370298858,"(96.0, 11880)"
99,14.084259033203125,1449.5657766313996,1406.3630012744215,3902.8437503113114,-1872.5072847532492,"(86.0, 113590)",160.01584034923093,0.05,0.07844209671020508,1.5327131748199463,0.024991727,0.030884983,927.9526721418927,86.0,113590,40000,3.403108835220337,0.1960328388288117,0.18152788624742436,2123.9498175748945,"(96.0, 10470)"
100,14.083024263381958,1622.1714419177326,1417.2214652126197,4012.745816671342,-1993.6470413607044,"(88.0, 112850)",149.93868272692347,0.05,0.08045244216918945,1.5176334381103516,0.025170948,0.033017892,997.3745491194767,88.0,112850,40000,3.781585454940796,0.16287228602694434,0.1451782120103126,1945.2743702886978,"(100.0, 10230)"
101,15.385247230529785,1912.0671615743568,1279.6985196740627,4018.8533429841514,-1931.4591031092677,"(92.0, 101950)",155.43732828133201,0.05,0.08045434951782227,1.5109426975250244,0.025548724,0.031132217,1088.8438103649646,92.0,101950,40000,3.9681334495544434,0.13530277169604396,0.12129446929940134,1989.5444116996991,"(100.0, 10200)"
102,13.67831015586853,1931.145181824757,1347.6117983761571,4288.240367571,-1972.6282603840598,"(91.0, 105000)",156.6525949215433,0.05,0.07611680030822754,1.5017664432525635,0.025058633,0.031150036,1173.073947510944,91.0,105000,40000,4.03040885925293,0.12890481628214345,0.1160216853606803,2074.8831644525235,"(96.0, 11100)"
103,13.984812021255493,1940.8628907485604,1361.0279154598204,4169.4006679307895,-1976.5807980369134,"(91.5, 101680)",145.4989758004652,0.05,0.07553863525390625,1.5133447647094727,0.025282996,0.033649154,1249.8528418347057,91.5,101680,40000,4.600835800170898,0.1362542945094961,0.11892263534834203,1842.4645482890307,"(84.0, 12240)"
104,15.37641167640686,1985.6521692654806,1177.1557425152741,3983.035638210231,-2008.663717080213,"(94.0, 96320)",152.918387305711,0.05,0.07663202285766602,1.5132293701171875,0.024680521,0.035296887,1323.4327745777832,94.0,96320,40000,4.427218914031982,0.11591048190069544,0.0994185307345159,2250.640727092261,"(96.0, 10490)"
105,15.481698036193848,2063.677926734033,1324.8105264467658,4031.173468108346,-2029.1114891883724,"(92.5, 101890)",161.35171548226378,0.05,0.08122444152832031,1.5339813232421875,0.024210183,0.02889268,1397.4572897934083,92.5,101890,40000,4.183809757232666,0.11859234477478611,0.10571909392325923,2386.535439084993,"(100.0, 10490)"
106,15.077956199645996,2076.471020704831,1282.249778928259,3938.6129515801754,-1983.6556841815923,"(91.5, 98190)",143.34052332529532,0.05,0.0792999267578125,1.5134036540985107,0.025283666,0.033823818,1465.3586628845505,91.5,98190,40000,4.085168838500977,0.10673689713267995,0.09337247827338702,2304.0438301105005,"(96.0, 10320)"
107,15.689028263092041,2130.9572774944654,1217.4694273348484,3972.191033356241,-1993.6535533901022,"(92.0, 95870)",134.16887726795656,0.05,0.07595539093017578,1.4898817539215088,0.025196448,0.0369746,1531.918524345542,92.0,95870,40000,3.9022932052612305,0.09865251418880824,0.0916529215034331,2674.420449490434,"(100.0, 9900)"
108,15.780680418014526,2220.307941247438,1341.657437992839,4243.10079984044,-2002.348430195616,"(93.0, 97730)",140.8831660211179,0.05,0.07583999633789062,1.5047321319580078,0.024960807,0.0341345,1600.7574660357316,93.0,97730,40000,3.9640250205993652,0.10060925411351573,0.08720367142518798,2534.834588747212,"(96.0, 11650)"
109,16.29344129562378,2400.1127523779655,1154.5646854553522,4242.943029163455,-2006.6953682772526,"(94.5, 90120)",154.90434639974237,0.05,0.07792949676513672,1.4728574752807617,0.02497859,0.03147056,1680.692994669955,94.5,90120,40000,3.629985809326172,0.07837589586403772,0.07071754411135595,2778.182617965503,"(96.0, 10420)"
110,15.784631490707397,2331.2641326958706,1308.4460777753175,4480.794202396098,-1994.4044254066741,"(95.0, 98430)",141.94930897196411,0.05,0.07819271087646484,1.4958922863006592,0.025435517,0.03553319,1745.7501084725466,95.0,98430,40000,3.512542963027954,0.1000323608548656,0.08262525837878157,2817.155617486203,"(96.0, 11800)"
111,15.778603315353394,2356.9058256794897,1362.4212440526624,4381.442400216359,-1743.4627197081213,"(92.5, 95640)",162.71018492800414,0.05,0.07800054550170898,1.51058030128479,0.025143601,0.029677086,1806.865680193241,92.5,95640,40000,4.211946725845337,0.0967918074423967,0.0846712086915052,2489.580087205059,"(96.0, 11370)"
112,15.775933265686035,2239.7897021679787,1567.2549069512254,4474.456674137086,-1991.1326838378795,"(88.0, 107260)",160.53440970447463,0.05,0.07521581649780273,1.510934591293335,0.025126126,0.030880746,1850.1580823907148,88.0,107260,40000,3.617065906524658,0.12945200073487684,0.10629788042336881,2972.116557898656,"(96.0, 9910)"
113,15.68741774559021,2429.629274364364,1359.8672796119104,4423.629924631053,-2463.5413209658673,"(93.0, 97750)",147.03127683238796,0.05,0.07738256454467773,1.5092146396636963,0.024914468,0.032472935,1908.1052015880796,93.0,97750,40000,3.752614736557007,0.09877705387057754,0.07698040136991091,2521.3389649908227,"(96.0, 9880)"
114,14.180442094802856,2523.1593404325026,1200.3757163866157,4348.622641622776,-2462.854680369,"(96.0, 91880)",152.55753444915396,0.05,0.0768125057220459,1.5424792766571045,0.025080085,0.032112043,1969.6106154725219,96.0,91880,40000,3.442481279373169,0.07291094904612724,0.061635728988744004,2541.78251460793,"(100.0, 10510)"
115,15.171126127243042,2583.2374514474272,1258.7394905110414,4489.07271538306,-1561.208953913516,"(95.0, 91220)",157.92011392815522,0.05,0.07672977447509766,1.5186026096343994,0.024924155,0.03162272,2030.9732990700124,95.0,91220,40000,4.0280680656433105,0.07980330475424029,0.0704944284790015,2261.621892886186,"(92.0, 12150)"
116,14.37653923034668,2487.849405521787,1399.5443938826816,4365.4458854943705,-1961.8534920692418,"(93.5, 96170)",152.33161866769498,0.05,0.07665205001831055,1.5185420513153076,0.025013236,0.03143895,2076.66090971519,93.5,96170,40000,3.567875623703003,0.09082266403460044,0.0712750662617791,2258.286632985321,"(88.0, 11420)"
117,14.277477025985718,2724.087586156741,1370.4160909366997,4529.60606410328,-2001.2708692693643,"(94.0, 91960)",143.59543389224135,0.05,0.0807647705078125,1.469062089920044,0.024920914,0.034105837,2141.403577359345,94.0,91960,40000,3.48332142829895,0.07823522160330657,0.06107438023806044,2327.099835988805,"(96.0, 10980)"
118,14.885008335113525,2536.926438063143,1545.659020226564,4347.651807046823,-2002.8516394227406,"(91.0, 99200)",139.05019020800984,0.05,0.07714295387268066,1.4990499019622803,0.024766415,0.036054216,2180.955863429725,91.0,99200,40000,3.408613920211792,0.08783021988101439,0.07180158572345272,2911.5366544967396,"(100.0, 9860)"
119,15.175087451934814,2631.957259205827,1314.939273637558,4531.046803691203,-1648.390225627498,"(95.0, 91760)",154.79333778518395,0.05,0.07572531700134277,1.501253366470337,0.025065852,0.03115971,2226.056003007335,95.0,91760,40000,4.206707954406738,0.07591508415764392,0.0687954224681407,2827.3290671707427,"(100.0, 9700)"
120,15.475698232650757,2766.8658192967296,1328.6178532912832,4358.056535912707,-2014.8836324997112,"(95.5, 92370)",151.15571057820986,0.05,0.0748140811920166,1.4826524257659912,0.025157264,0.031053174,2280.136984636275,95.5,92370,40000,3.6636393070220947,0.08106389014920752,0.06652412635729982,2521.642832979097,"(100.0, 10250)"
121,15.576697826385498,2791.4032999564383,1288.204740915063,4599.937408560114,-1993.3758160773946,"(96.0, 89110)",158.88063182429872,0.05,0.07594537734985352,1.465348720550537,0.025137441,0.030760167,2331.2636161682913,96.0,89110,40000,2.891906976699829,0.0743741283663784,0.0665189208395866,2198.287132968927,"(92.0, 13090)"
122,14.273234367370605,2915.794155690258,1278.5853509242777,4489.5907409062165,-2003.575958710231,"(94.5, 87800)",153.52896136085894,0.05,0.07831144332885742,1.5156784057617188,0.02533197,0.030798173,2389.7166701204883,94.5,87800,40000,4.130780458450317,0.06160146275873089,0.04975495381012468,2645.8467326033638,"(100.0, 10050)"
123,16.013357877731323,2904.227833989684,1127.0102463957091,4548.816356770533,-2245.6165432559505,"(97.0, 87440)",146.26799986998617,0.05,0.0760805606842041,1.5256521701812744,0.025280643,0.034971643,2441.167786507408,97.0,87440,40000,4.327344179153442,0.05982349095984871,0.051382268412064634,2625.189852778654,"(100.0, 10530)"
124,14.989060878753662,2950.149493812976,1231.5832531087663,4651.624733897316,-1917.2175473425716,"(95.5, 87810)",156.43638426801195,0.05,0.07765436172485352,1.462404727935791,0.025028162,0.032057896,2492.0659572379645,95.5,87810,40000,3.7344777584075928,0.062351308157979395,0.04679393425132251,2672.764565849749,"(100.0, 10450)"
125,14.990045070648193,2921.839242441788,1333.8148195029748,4409.492113641756,-1804.1459682520663,"(94.5, 88480)",150.4828176363829,0.05,0.07634997367858887,1.443673849105835,0.024906091,0.03266027,2535.043285758347,94.5,88480,40000,3.476830005645752,0.06596294604157686,0.04819003466259232,2493.764341317665,"(88.0, 12500)"
126,18.500011920928955,3233.173327175912,943.4619528469608,4662.344469105716,-1618.5400335862566,"(98.5, 78750)",158.20589899801197,0.05,0.08063054084777832,1.5071337223052979,0.025114344,0.031440735,2604.8562899001035,98.5,78750,40000,3.673595666885376,0.03428850271214051,0.028927516757815453,2604.545695936238,"(96.0, 11570)"
127,16.27421474456787,2813.9616451985053,1395.8837419213244,4718.771569845851,-1873.8278958012995,"(93.0, 92300)",134.9346575928148,0.05,0.07783961296081543,1.5103111267089844,0.025455752,0.03542962,2625.7668254299438,93.0,92300,40000,3.5994393825531006,0.06899016224956542,0.051517939450744454,2167.778043080862,"(84.0, 14560)"
128,16.277108669281006,3053.729323688905,1247.6219122591785,4479.830836713095,-2240.2802974103665,"(95.5, 87310)",148.291403352276,0.05,0.07979345321655273,1.5370545387268066,0.025206057,0.032544486,2668.56307525584,95.5,87310,40000,4.587321996688843,0.05327603129201134,0.04426079487307574,2685.6152667449405,"(88.0, 13240)"
129,17.18155527114868,3084.7249152152344,1265.0406572340892,4460.2280723706635,-1621.844692849423,"(95.5, 85930)",144.55392116420734,0.05,0.07935953140258789,1.5266366004943848,0.025257695,0.034105472,2710.1792592517795,95.5,85930,40000,4.651074171066284,0.0550183861404924,0.04381476840455002,2748.9222452611343,"(92.0, 11390)"
130,17.180980920791626,3109.3133743059575,1382.5614293944495,4680.556120687374,-2004.7012698329538,"(94.5, 86460)",128.18595034330409,0.05,0.0777285099029541,1.5131371021270752,0.025035687,0.036481712,2750.0926707571975,94.5,86460,40000,3.4736008644104004,0.05259521685947234,0.04351522332151167,3180.984642863026,"(100.0, 9760)"
131,16.876667022705078,3106.9890381275304,1212.2436682328212,4433.811793856031,-2142.3619818612638,"(97.5, 84070)",143.64819015673112,0.05,0.07782626152038574,1.467090368270874,0.025317052,0.035667766,2785.7823074942307,97.5,84070,40000,3.804165840148926,0.05516655400664526,0.04497097785782814,2707.1908342459396,"(92.0, 12420)"
132,16.083813667297363,3300.9867031203034,939.0683487505318,4540.717167753696,-1469.1026161045568,"(99.0, 75780)",169.37823903213865,0.05,0.0727686882019043,1.4512736797332764,0.025286699,0.029023279,2837.302747056838,99.0,75780,40000,2.9725615978240967,0.031147829513215274,0.027729175857149103,2581.034069817371,"(88.0, 11800)"
133,15.176172018051147,3181.9106245952985,1216.0712977561504,4559.239081804938,-1994.3571176197706,"(96.5, 82150)",140.17661666881327,0.05,0.07605719566345215,1.4728341102600098,0.024827588,0.032799758,2871.763534810684,96.5,82150,40000,2.7268636226654053,0.046777008169594826,0.03660802176466583,2291.34900556778,"(96.0, 11500)"
134,16.276667833328247,3149.3053466337533,1201.563985352388,4601.117571943458,-1590.7235318122475,"(96.0, 82660)",141.49681013733849,0.05,0.07708311080932617,1.481973648071289,0.024578325,0.033102367,2899.5177159929913,96.0,82660,40000,2.3295466899871826,0.04396342446938198,0.03887164512840302,2286.806391375742,"(88.0, 12040)"
135,15.778790473937988,3352.8087850684933,910.0793845690035,4621.193854477715,-1414.0809167352445,"(99.0, 74320)",145.78543951727704,0.05,0.07931661605834961,1.5166206359863281,0.024981258,0.03407452,2944.846822900541,99.0,74320,40000,3.595928430557251,0.02843338422123956,0.024805485365340073,2200.900289384708,"(84.0, 14220)"
136,14.789945125579834,3241.4525223465694,1281.863914702391,4582.591305501451,-2144.537195772561,"(96.5, 82510)",142.80616654225955,0.05,0.07954049110412598,1.5110969543457031,0.025090875,0.03253346,2974.507392845144,96.5,82510,40000,3.5694007873535156,0.04656986924727496,0.03767437409033096,2988.66821789507,"(96.0, 9300)"
137,16.289672374725342,3229.4196256482446,1256.7977658301886,4967.953904634919,-1970.8953398589765,"(97.0, 80510)",140.42396685171448,0.05,0.07665085792541504,1.487168550491333,0.02516319,0.034702145,2999.9986161254537,97.0,80510,40000,4.210684061050415,0.040969456735392144,0.03444634963101104,2979.1374454834136,"(96.0, 10770)"
138,16.675459384918213,3346.303425906453,1068.6303065617724,4788.545515054428,-1517.8997731714367,"(97.5, 74820)",145.81573552758994,0.05,0.07629156112670898,1.4390649795532227,0.02560605,0.031742863,3034.6290971035537,97.5,74820,40000,4.037567377090454,0.03152603200869721,0.02669015370640976,2992.391965012767,"(92.0, 11150)"
139,16.78038763999939,3335.281838787603,1302.2303725295674,4876.64397190036,-1712.24540504115,"(97.0, 80150)",138.75246150245022,0.05,0.0746157169342041,1.4881627559661865,0.02477258,0.034642547,3064.694371271959,97.0,80150,40000,4.085261583328247,0.04187262580614688,0.03409568357509823,3197.424843492379,"(92.0, 10600)"
140,16.587173461914062,3277.541061191483,1134.0530868163307,4746.900094918036,-2006.2213120688173,"(98.5, 73890)",138.17457778266137,0.05,0.07591795921325684,1.5137686729431152,0.024971046,0.0360388,3085.9790402639114,98.5,73890,40000,3.6617043018341064,0.04049353750513066,0.035420810387877956,2639.614839048456,"(88.0, 12090)"
141,15.47386121749878,3292.059688979783,1236.6059669056851,4927.79421771476,-2002.894725301334,"(96.0, 77330)",142.9439616942323,0.05,0.07605433464050293,1.475531816482544,0.024736786,0.032938506,3106.587105135499,96.0,77330,40000,3.4919180870056152,0.03932295029320486,0.03217381724565536,3315.7089749008733,"(100.0, 8800)"
142,16.075756072998047,3235.5736785063195,1380.7406779868252,4775.0850607505345,-1498.9106112465608,"(96.0, 82060)",138.41922283286232,0.05,0.0762488842010498,1.4920413494110107,0.024859902,0.033634987,3119.485762472581,96.0,82060,40000,2.640571355819702,0.05525118507042895,0.043018352424841595,3442.8952594250427,"(100.0, 8900)"
143,15.377202272415161,3457.0665469229234,999.8571431090745,4723.623115915767,-1208.4624380960713,"(98.5, 74200)",153.91212741925327,0.05,0.07588338851928711,1.492326259613037,0.024797387,0.03241884,3153.243840917615,98.5,74200,40000,3.2272884845733643,0.03413429171279885,0.02610135267002966,3287.210308102939,"(100.0, 8700)"
144,16.484224319458008,3518.1957455678644,862.631728947632,4684.797337825385,-1200.9499113853851,"(98.5, 69720)",166.96992799045162,0.05,0.07632899284362793,1.4692304134368896,0.025002668,0.028577456,3189.73903138264,98.5,69720,40000,2.689150333404541,0.026266319363859855,0.022379384778885222,3372.659555642781,"(96.0, 8480)"
145,16.880927801132202,3349.5185820419956,1151.0020973067426,4704.486130940181,-2003.2664349789704,"(97.0, 72680)",144.64045997099913,0.05,0.07795119285583496,1.4794676303863525,0.025338462,0.030315224,3205.716986448576,97.0,72680,40000,3.711294174194336,0.03391101223790257,0.02885727625517006,3491.797615305458,"(100.0, 8440)"
146,15.97573447227478,3526.0090070894,1039.3567196040071,4725.7038108972165,-1539.0852294533677,"(98.0, 70720)",137.32871970525326,0.05,0.07842564582824707,1.5254366397857666,0.025167424,0.03431547,3237.7461885126586,98.0,70720,40000,3.912403106689453,0.032326713955888445,0.025682152204326177,3555.275594295117,"(100.0, 8460)"
147,17.885056495666504,3582.2609272460754,884.138877295437,4708.950779736443,-1653.4048033183733,"(99.0, 69420)",149.34883033916,0.05,0.0768899917602539,1.487713098526001,0.02525963,0.031396367,3272.1976623860005,99.0,69420,40000,3.642549991607666,0.023837716194575503,0.019590533409429928,3742.5561282970734,"(100.0, 8250)"
148,16.382511138916016,3549.9751506670705,1006.1666990798769,4736.422309317074,-1995.5298115958644,"(98.5, 70210)",144.86164615479973,0.05,0.0818185806274414,1.5385315418243408,0.024915086,0.031258997,3299.975411214107,98.5,70210,40000,3.797971725463867,0.028321659222671165,0.023447995685714554,3462.229803268754,"(96.0, 8490)"
149,16.079235553741455,3456.9558267338516,971.7065842598138,4521.946222783198,-1048.6094757939281,"(99.5, 73220)",149.7148921538343,0.05,0.07686829566955566,1.5249972343444824,0.024777694,0.033291277,3315.673452766082,99.5,73220,40000,2.801842212677002,0.03579604761487237,0.02416373095071749,3692.969423414219,"(96.0, 8190)"
150,15.97466254234314,3579.2288035304564,1027.4109240398816,4808.784385743689,-1589.2629982956826,"(98.0, 69860)",146.16780681297476,0.05,0.08010625839233398,1.4706120491027832,0.024948232,0.0331527,3342.028987842519,98.0,69860,40000,3.558258295059204,0.030566142558365744,0.02396428142950047,3782.3329537633817,"(100.0, 8030)"
151,15.075636625289917,3539.1284466627785,1061.1119559464667,4829.147706672296,-1122.2444311809056,"(98.5, 68770)",146.79493345788026,0.05,0.07655739784240723,1.4689357280731201,0.024713581,0.031858634,3361.7389337245454,98.5,68770,40000,3.6474337577819824,0.03698843838093873,0.03023519605447322,3820.8975599364912,"(96.0, 8110)"
152,16.192415237426758,3629.7510097718023,1073.4557437623089,4757.52024482581,-1607.050844747744,"(98.0, 69610)",146.16533586497897,0.05,0.08211827278137207,1.5116353034973145,0.025078915,0.032048885,3388.540141329271,98.0,69610,40000,3.744600772857666,0.027296542322004187,0.023093949970652363,3780.1402828921837,"(96.0, 7920)"
153,15.274159669876099,3623.946309044375,987.6985303056892,4866.776879449382,-1110.8631610915074,"(97.5, 65060)",144.79714549376368,0.05,0.07691788673400879,1.5265038013458252,0.02491131,0.034257002,3412.0807581007816,97.5,65060,40000,3.7148003578186035,0.02120024436967323,0.017378195458312734,3938.245361397326,"(100.0, 7720)"
154,17.07961416244507,3517.4404309297734,1125.7432800910542,4818.264407645994,-1905.9685439492478,"(98.0, 69100)",148.9055982723737,0.05,0.07921481132507324,1.5469627380371094,0.025445761,0.032677248,3422.6167253836807,98.0,69100,40000,4.091934680938721,0.0354229739092107,0.028757592255334537,3975.741576873396,"(100.0, 7820)"
155,16.57705783843994,3636.788091603222,879.4535692212964,4725.502240500619,-1498.9708617592132,"(99.0, 66100)",152.68384163954403,0.05,0.07488417625427246,1.4773540496826172,0.02500253,0.030940412,3444.0338620056345,99.0,66100,40000,3.4942336082458496,0.02222199195525302,0.01804334929558316,3939.6870335879294,"(100.0, 7700)"
156,15.775851964950562,3515.006555565976,1159.5378606225834,4810.686410280349,-1997.948407350669,"(97.5, 71480)",138.78561824627917,0.05,0.08113837242126465,1.535661220550537,0.025123542,0.03294471,3451.131131361669,97.5,71480,40000,3.0645148754119873,0.03179214102705062,0.026521428157932438,3864.6328336349425,"(100.0, 7770)"
157,15.577066898345947,3567.2940071681874,992.2863590304171,4920.194937012097,-1047.7366768067707,"(98.5, 66500)",139.84286661032758,0.05,0.07809185981750488,1.5429065227508545,0.02532478,0.035068136,3462.747418942321,98.5,66500,40000,3.351376533508301,0.028902847392762797,0.02272450348483792,3628.004487976197,"(100.0, 7950)"
158,16.276939153671265,3703.9515236340917,837.5864229203081,4868.090447726085,-1555.765148782944,"(98.5, 65730)",157.13129564833582,0.05,0.07373881340026855,1.4661688804626465,0.025108898,0.031422842,3486.867829411498,98.5,65730,40000,3.536182403564453,0.01902346364761384,0.01609128934919872,3605.437212158149,"(100.0, 7980)"
159,17.080761432647705,3590.5930540267004,977.3760488504959,4725.415699940469,-645.7821193566583,"(99.0, 66610)",162.45227235999258,0.05,0.10021638870239258,1.509455680847168,0.025429266,0.029933646,3497.240351873018,99.0,66610,40000,3.54514217376709,0.029724558868265055,0.02207274654101274,3586.346367543994,"(100.0, 7860)"
160,16.385521411895752,3699.7516078663302,812.3065675478746,4723.534186992777,-527.2054368586544,"(99.5, 65300)",149.5512947974906,0.05,0.07797718048095703,1.477792501449585,0.025079712,0.031093452,3517.4914774723493,99.5,65300,40000,3.7781929969787598,0.020956327371882615,0.015992056559896384,3603.8570440371795,"(100.0, 7970)"
161,16.68698740005493,3721.9817873950974,728.1649470097371,4765.764095295354,-230.80226649636273,"(100.0, 65100)",138.5113592270402,0.05,0.07517147064208984,1.4448978900909424,0.025393859,0.037515473,3537.940508464624,100.0,65100,40000,3.510427236557007,0.017098978042135532,0.01388441544850126,3555.579509859414,"(100.0, 7980)"
162,16.979060173034668,3717.7811761787448,883.3493810231132,4838.457160492168,-1365.5318006558618,"(99.0, 66450)",143.18589749483084,0.05,0.07501363754272461,1.481630563735962,0.025003891,0.031197045,3555.9245752360366,99.0,66450,40000,3.3799338340759277,0.021014886811924087,0.016605728507195782,3693.4465575311087,"(100.0, 7720)"
163,15.774369716644287,3691.9817437591696,1011.6586916405703,4900.532088615813,-1594.1222731279395,"(98.0, 66240)",137.73149203881366,0.05,0.07768440246582031,1.4498286247253418,0.02534124,0.038787935,3569.53029208835,98.0,66240,40000,3.442164421081543,0.023011046240733652,0.019227206333584265,3710.6001531797187,"(100.0, 7770)"
164,15.6835355758667,3761.0490031128656,822.3040910225621,4846.12655900465,-1073.6648352674295,"(99.5, 63920)",155.74674611776018,0.05,0.07984185218811035,1.5408353805541992,0.025262924,0.029510276,3588.682163190802,99.5,63920,40000,3.83856463432312,0.020957468401211134,0.016621678617001,3827.5382681027813,"(100.0, 7740)"
165,16.27684497833252,3660.7625033265317,1085.286341433577,4889.1605880112575,-1630.301761770137,"(97.5, 66080)",136.8276153768503,0.05,0.07655072212219238,1.5031461715698242,0.024898844,0.03270232,3595.890197204375,97.5,66080,40000,3.922621726989746,0.026622611565019435,0.019208386865257075,3614.800132717162,"(100.0, 7830)"
166,16.986828327178955,3851.954975139327,831.860623229207,4744.871654932121,-1045.2059421787112,"(99.0, 65460)",149.10513244202792,0.05,0.07580828666687012,1.484661340713501,0.025008693,0.032729566,3621.4966749978703,99.0,65460,40000,3.2604217529296875,0.018260407489447846,0.014096526452717884,3630.875044808687,"(100.0, 7750)"
167,16.68743920326233,3702.638599679736,945.008016231062,4796.550724017847,-1400.3531146564555,"(99.0, 67440)",141.93068041738104,0.05,0.07873892784118652,1.513948917388916,0.025296953,0.033976827,3629.610867466057,99.0,67440,40000,3.6564366817474365,0.022675072983317234,0.017940729226343096,3553.493172367717,"(100.0, 7840)"
168,15.577852010726929,3901.767247143088,771.9978501624518,4855.732147202743,-1050.083802293422,"(99.5, 63400)",152.44834180875367,0.05,0.07538080215454102,1.4916527271270752,0.024445172,0.030033529,3656.82650543376,99.5,63400,40000,3.5745396614074707,0.012807480841415154,0.009043307827977803,3678.984548477032,"(100.0, 8040)"
169,16.975077867507935,3848.500298086737,822.2827044231778,4776.68219881758,-1736.799125584219,"(99.0, 63600)",154.03511708301642,0.05,0.08039665222167969,1.5049538612365723,0.024928885,0.03072439,3675.9938846990576,99.0,63600,40000,3.3958239555358887,0.01381945428444584,0.011533872581885495,3737.0364052474097,"(100.0, 7730)"
170,16.882941722869873,3884.048829534289,622.6857172352879,4735.971203642168,320.534746872484,"(100.0, 62520)",160.90073050479745,0.05,0.07733678817749023,1.5105063915252686,0.02536757,0.029878609,3696.799379182581,100.0,62520,40000,3.870863437652588,0.012308329307096844,0.010428413018952457,3751.18255274656,"(100.0, 7800)"
171,15.070820808410645,3711.9976265507994,935.8158860142152,4763.5268946557035,-1190.3002800935342,"(98.5, 64610)",154.2099318919118,0.05,0.0794992446899414,1.4820771217346191,0.02477258,0.030732151,3698.319203919403,98.5,64610,40000,4.077733039855957,0.023289564482524075,0.016669278985385175,3720.3996472673375,"(100.0, 7600)"
172,16.89419150352478,3921.385389364875,880.3044229635473,4718.871060611762,-1998.3209078978814,"(98.5, 62770)",141.33699324602244,0.05,0.08196139335632324,1.49552321434021,0.025097262,0.03161096,3720.6258224639505,98.5,62770,40000,3.428875684738159,0.016830394072827572,0.01197155845538232,3680.7469701154496,"(100.0, 7560)"
173,15.17672848701477,3686.649564963408,1119.6125042658418,4858.909604214916,-1411.7651442473807,"(99.0, 68290)",158.18082139391578,0.05,0.07826781272888184,1.4942717552185059,0.02579645,0.029105928,3717.2281967138965,99.0,68290,40000,3.419610023498535,0.0334093846082574,0.022232172682253633,3731.1776172913364,"(100.0, 7430)"
174,16.68041157722473,3837.8851796701097,1004.4922175652886,4827.7672206872785,-1993.1700570775843,"(98.0, 64740)",142.3706726354673,0.05,0.07757449150085449,1.4776954650878906,0.024924224,0.028489547,3729.293895009518,98.0,64740,40000,3.5687077045440674,0.020924251395681298,0.015800869489130155,3704.2415139397754,"(100.0, 7480)"
175,16.08208966255188,3837.84270057293,843.8364081146148,4767.688926002341,-1993.923589071829,"(98.5, 63560)",147.12419083757385,0.05,0.0794057846069336,1.5162768363952637,0.024951644,0.032789875,3740.148775565859,98.5,63560,40000,4.058772563934326,0.01658126792107221,0.014646191618097675,3658.9706794169965,"(100.0, 7560)"
176,16.679102420806885,3972.7682554144926,721.2118293732402,4808.109752941413,-265.10770252110774,"(100.0, 60340)",167.00317206887897,0.05,0.07382416725158691,1.4800360202789307,0.024837922,0.029916426,3763.4107235507227,100.0,60340,40000,2.983550786972046,0.016779921662714047,0.010118328150172736,3511.2637327795965,"(100.0, 7520)"
177,17.68317151069641,3757.779592903884,1048.6690510332983,4815.995416363486,-1551.7278558792966,"(98.5, 65960)",152.91195645545739,0.05,0.07570505142211914,1.5124766826629639,0.0250474,0.030097997,3762.847610486039,98.5,65960,40000,2.6574416160583496,0.02672525891799525,0.02129743370619355,3577.216460756265,"(100.0, 7490)"
178,15.897182703018188,3891.4684587119696,715.0854145854618,4776.268889819632,-818.2990612362566,"(100.0, 61400)",157.21070260218127,0.05,0.07536196708679199,1.4704511165618896,0.024838855,0.030170308,3775.709695308632,100.0,61400,40000,3.411491870880127,0.01415932225868524,0.01010440775711417,3728.189437492806,"(100.0, 7410)"
179,17.079160690307617,3928.333514586083,745.1668458196099,4734.695896208556,-1841.983895051079,"(99.0, 60400)",141.3182453358141,0.05,0.07980895042419434,1.4658825397491455,0.025278544,0.032590963,3790.972077236377,99.0,60400,40000,3.3050146102905273,0.013609060951203532,0.0089741945800817,3908.4710104212004,"(100.0, 7450)"
180,15.882715940475464,3896.646455374775,943.9886028072393,4856.194576557873,-1399.2188296432512,"(98.0, 62820)",128.25285489695924,0.05,0.07717061042785645,1.511474609375,0.02505175,0.04102159,3801.5395150502172,98.0,62820,40000,4.002236843109131,0.01882119894272284,0.013634176518325682,3817.5420901568377,"(100.0, 7570)"
181,16.579299449920654,3950.505803842848,738.5041433284443,4825.923480637681,-1303.668709002483,"(99.5, 63180)",146.71184561191924,0.05,0.07520794868469238,1.5193593502044678,0.024516849,0.032611314,3816.4361439294803,99.5,63180,40000,3.4591689109802246,0.01194304759726676,0.009720574935616108,3909.488874930606,"(100.0, 7580)"
182,16.47634530067444,3989.3269708080425,854.2898730461812,4847.827279016508,-1385.2801220176882,"(98.5, 63490)",149.8675918512192,0.05,0.08119869232177734,1.5024714469909668,0.025321072,0.033200894,3833.7252266173364,98.5,63490,40000,3.308800458908081,0.014833162641374466,0.01112365899445761,3892.206260408244,"(100.0, 7590)"
183,16.080424785614014,3829.413237912237,1035.0663897012628,4908.174518593987,-1529.5766435371538,"(98.0, 64430)",136.9185571006516,0.05,0.0801234245300293,1.4751248359680176,0.024453333,0.031588107,3833.2940277468265,98.0,64430,40000,4.124916076660156,0.023644633020804103,0.01633097386162672,3781.1715333104808,"(100.0, 7730)"
184,15.075488805770874,4019.1495814757795,699.8804373212312,4796.7812550160525,-1266.1802580284357,"(99.5, 61000)",152.391741121628,0.05,0.07962918281555176,1.507681131362915,0.02490294,0.031429216,3851.879583119722,99.5,61000,40000,4.013288974761963,0.01174914549210745,0.009167486135287417,3516.616356728024,"(96.0, 7570)"
185,15.580423593521118,3971.9895016378646,615.9725517058391,4828.799840647555,-528.142193956416,"(100.0, 59930)",156.83699325988295,0.05,0.07590341567993164,1.527794599533081,0.024885489,0.030410694,3863.8905749715364,100.0,59930,40000,3.713028907775879,0.01094706307833942,0.007603933318361137,3622.2660660332635,"(96.0, 7490)"
186,17.49092721939087,3962.154377601001,936.7258302674029,4877.053584706358,-2005.7388191833945,"(98.5, 61570)",152.3020339380837,0.05,0.07932019233703613,1.5574414730072021,0.025260625,0.030141741,3873.7169552344826,98.5,61570,40000,4.121412038803101,0.017434223966261916,0.013101624905632357,3896.6416952834616,"(100.0, 7390)"
187,16.27702260017395,3892.751701081878,1068.5774039023106,4828.330776661917,-1653.8579966359152,"(98.0, 65590)",148.34249413854866,0.05,0.07935810089111328,1.5103223323822021,0.024746032,0.031928405,3875.6204298192224,98.0,65590,40000,3.4989418983459473,0.022622193134937,0.014540934927217461,3991.8628269989167,"(100.0, 7190)"
188,15.176345825195312,3991.2423496614933,906.6405049906946,4845.665538901859,-1994.708702691679,"(99.0, 61890)",164.17200141985197,0.05,0.07472848892211914,1.56005859375,0.025256293,0.029190084,3887.1826218034494,99.0,61890,40000,3.666656017303467,0.014020634566510303,0.010654814523183747,4014.8816070760267,"(100.0, 7190)"
189,17.079423427581787,3931.0220165679766,854.7118447526619,4958.382368109969,-1546.0544773844488,"(98.5, 60670)",127.52835176719277,0.05,0.07448983192443848,1.468034029006958,0.02999873,0.17248546,3891.566561279902,98.5,60670,40000,3.3837242126464844,0.04929384118850831,0.012661453852108097,3941.255151038959,"(100.0, 7320)"
190,16.378839015960693,3861.112348018979,1111.9512582052903,4960.300537504359,-1646.70437549774,"(99.0, 64570)",126.22081132433622,0.05,0.07394289970397949,1.4812378883361816,0.026203455,0.029930523,3888.52113995381,99.0,64570,40000,2.5367205142974854,0.047206337220408796,0.02375500821748769,3988.5614477562094,"(100.0, 7290)"
191,17.081988096237183,3894.2177962967753,919.3683574622261,4858.962865755581,-1457.7418006478065,"(99.5, 63590)",158.19221555329483,0.05,0.07865309715270996,1.4836463928222656,0.024834309,0.029943803,3889.0908055881064,99.5,63590,40000,3.098299503326416,0.023650341354520016,0.018785553169588003,3820.236407764194,"(100.0, 7180)"
192,15.682250022888184,3974.6354071675637,899.7908553299519,4879.792144861219,-1682.000958046566,"(99.5, 61750)",162.03200371082738,0.05,0.07747197151184082,1.521937608718872,0.025168493,0.02898413,3897.6452657460522,99.5,61750,40000,3.223886251449585,0.018672658683821557,0.01617147862197449,3893.118383310874,"(100.0, 7320)"
193,16.375943660736084,4030.9183552289996,984.0843495727519,4898.4580793114155,-2006.3815907539338,"(97.5, 62540)",134.5629897818906,0.05,0.07554388046264648,1.4777867794036865,0.024732793,0.032897167,3910.9725746943473,97.5,62540,40000,3.4482107162475586,0.019782166708947647,0.01516667822889408,3711.3133358146083,"(100.0, 7350)"
194,16.574114084243774,3936.737761346947,1101.6639249015411,4961.46773058102,-1637.2869406632392,"(97.0, 64590)",133.68884576566688,0.05,0.0735175609588623,1.4901554584503174,0.024494592,0.035335835,3913.5490933596075,97.0,64590,40000,3.690488815307617,0.017137905774574663,0.013238811674852972,3957.1310615871835,"(100.0, 7200)"
195,16.976667404174805,4005.5354903372913,804.746475123223,4768.130299459788,-191.5221687315348,"(100.0, 60540)",153.8070671373021,0.05,0.07627201080322266,1.4872794151306152,0.024507964,0.030191364,3922.747733057376,100.0,60540,40000,3.453540563583374,0.013882302524379978,0.010203284062180344,4232.311859541811,"(100.0, 7160)"
196,16.882198572158813,3914.4744439989086,1091.2095579984098,4911.204403565079,-1433.9180284105803,"(98.5, 64670)",149.15874427505668,0.05,0.07567834854125977,1.4603981971740723,0.025228184,0.030812547,3921.9204041515295,98.5,64670,40000,3.335826873779297,0.02896992376583483,0.02075481476558254,4201.510459541153,"(100.0, 7140)"
197,15.784924983978271,3968.8751678696844,995.1092190198281,4881.9109481052965,-1262.9110419970027,"(98.5, 63250)",160.90747456638115,0.05,0.07536602020263672,1.4652419090270996,0.025169168,0.02925272,3926.6158805233454,98.5,63250,40000,3.3300061225891113,0.023629129833456497,0.015874602258366833,4158.944762214524,"(100.0, 7010)"
198,15.572239637374878,4037.6033056482925,835.7673205994226,4848.186881930494,-1701.49571248233,"(99.5, 60910)",148.10512188694238,0.05,0.08488154411315918,1.4830288887023926,0.024656238,0.031280763,3937.7146230358403,99.5,60910,40000,3.5612587928771973,0.015850089143257005,0.01255063148290603,4168.059569540574,"(100.0, 7100)"
199,18.077627420425415,3998.966979766413,813.7488201435442,4858.241647839458,-1304.8306298957414,"(99.0, 60190)",153.60698411889572,0.05,0.07704710960388184,1.4925904273986816,0.025107846,0.030855572,3943.8398587088977,99.0,60190,40000,3.113508939743042,0.017870699517527674,0.013526611148142489,3871.798528597079,"(100.0, 7360)"
200,17.18838858604431,3994.857816779656,889.6845905804745,4879.764953940679,-1589.7347441826223,"(99.0, 60790)",149.03387280887281,0.05,0.07569265365600586,1.4804301261901855,0.024729088,0.030791905,3948.941654515974,99.0,60790,40000,3.2212913036346436,0.017312507270211008,0.013893929914898673,3877.597298787774,"(100.0, 7090)"
