iteration,time_sampling,stoc_pol_mean,stoc_pol_std,stoc_pol_max,stoc_pol_min,cost_mean,cost_std,cost_max,cost_min,rollout_success,alpha,delta,time_vpg,time_npg,kl_dist,surr_improvement,running_score,success_rate,average_cost,num_samples,time_VF,VF_error_before,VF_error_after,eval_score,eval_success,eval_avg_cost
0,9.435906410217285,-2.1597585517469557,11.320501297221998,73.59892365629193,-8.255414917930349,1.628200000000001,0.3375037184980335,2.5999999999999917,0.49000000000000027,0.0,0.6762843941153133,0.02,0.05428791046142578,1.4626202583312988,0.008123097,0.026502864,-2.1597585517469557,0.0,1.6282000000000008,40000,1.485008955001831,0.9992773176349077,0.7896604180589247,-4.513428208709686,0.0,1.6851999999999998
1,9.449629068374634,-1.4029622633950691,20.475881751163417,238.5756706562632,-8.86509419821767,1.642650000000001,0.3584514995086504,3.660000000000001,0.22000000000000006,0.0,0.9299906172951358,0.02,0.05574941635131836,1.4422621726989746,0.009985665,0.022195557,-2.0840789229117673,0.0,1.6426499999999993,40000,4.501189947128296,0.9085121648018657,0.8427301445180264,-4.336930304517222,0.0,1.6675999999999993
2,9.474326848983765,-1.3264109573221112,12.03954573538035,74.69494342354317,-7.831238085974767,1.6490000000000011,0.3197780480270652,2.3199999999999945,0.3000000000000001,0.0,0.904617553850006,0.02,0.0555117130279541,1.4288442134857178,0.009986481,0.022327626,-2.0083121263528017,0.0,1.6489999999999996,40000,5.255358934402466,0.9066725422177528,0.7669626714548892,-4.059609990605265,0.0,1.5887999999999998
3,9.449469327926636,1.2251136875504633,41.996688773044376,557.6303764128825,-7.7418226718530505,1.665350000000001,0.3271037717605835,2.619999999999988,0.4200000000000001,0.5,0.8711959026051836,0.02,0.05447220802307129,1.4024195671081543,0.009739089,0.030322481,-1.6849695449624753,0.5,1.6653499999999992,40000,6.110063076019287,0.9312284777616484,0.8271894186914475,-4.0983231317033635,0.0,1.5495999999999994
4,9.55333924293518,4.188699982643301,46.98940195782477,424.67257965375427,-9.154348490290687,1.6346500000000008,0.3311161087896511,2.53999999999999,0.3200000000000001,0.0,0.8154341043464803,0.02,0.054940223693847656,1.4710328578948975,0.008118082,0.022076843,-1.0976025922018977,0.0,1.6346500000000006,40000,5.647529602050781,0.8924144590568416,0.8411720708626548,-4.066201523897499,0.0,1.5547999999999995
5,9.47125244140625,6.230830172034281,87.28790586014523,1110.622200562833,-8.038454942979497,1.6303500000000013,0.3250636514592182,2.489999999999991,0.24000000000000007,1.0,0.9282908548520201,0.02,0.054326534271240234,1.3791868686676025,0.008125784,0.018618071,-0.3647593157782798,1.0,1.6303499999999993,40000,5.839160442352295,0.8873844246346207,0.7806373012176864,-4.076214689090432,0.0,1.6063999999999998
6,9.454062223434448,-3.1690185076800983,8.219098806630853,81.27104468915348,-7.863815019713402,1.6378000000000008,0.29252890455474667,2.2799999999999954,0.3300000000000001,0.0,0.7588740288074599,0.02,0.05552792549133301,1.4019103050231934,0.008112169,0.021151718,-0.6451852349684617,0.0,1.6377999999999997,40000,4.9467315673828125,7.185401836040818,0.8248866476223913,-3.6986360101259037,0.0,1.5975999999999992
7,9.552963018417358,0.36364146072032727,32.954285903906225,385.19629264497905,-7.342464943460487,1.6267500000000013,0.2771460580632529,2.4899999999999913,0.5200000000000002,0.5,0.806331934165698,0.02,0.05466771125793457,1.4370460510253906,0.008201566,0.022244299,-0.5443025653995828,0.5,1.6267500000000004,40000,5.6402459144592285,0.9164375776390533,0.8171621713701233,-3.9835774975889042,0.0,1.6111999999999995
8,9.647817611694336,-0.8736977232156938,14.798819224442568,105.08720729797693,-9.26624756828909,1.587950000000001,0.33493028752264264,2.3299999999999943,0.18000000000000002,0.0,0.7631432841657085,0.02,0.05556035041809082,1.4191157817840576,0.008163416,0.0212271,-0.5772420811811939,0.0,1.5879500000000002,40000,5.096712827682495,1.0692076430883124,0.6730016035445349,-3.552133965128525,0.0,1.6007999999999996
9,9.757108688354492,-3.3474623848334475,6.167593749467241,57.17818591315915,-8.2031239750271,1.6292500000000012,0.2767434506903461,2.369999999999994,0.7300000000000004,0.0,0.7865765475962059,0.02,0.05359768867492676,1.41288423538208,0.0082671195,0.018897086,-0.8542641115464193,0.0,1.6292499999999996,40000,4.982497692108154,1.0908662756412473,0.7948648508309214,-2.350183814498621,0.0,1.7027999999999994
10,9.557265281677246,-0.9437665097737954,13.664297455568372,85.70630721918718,-10.777467244055243,1.5613500000000013,0.29813701128843456,2.1000000000000014,0.21000000000000005,0.0,0.9457359976799165,0.02,0.053289175033569336,1.4148011207580566,0.009998396,0.021940615,-0.863214351369157,0.0,1.5613499999999996,40000,5.713855028152466,0.753373165668339,0.5856525381711959,-2.883919428366464,0.0,1.7451999999999992
11,9.955733060836792,-1.3485205862847909,12.819011763237636,102.74021768130535,-9.255735516648834,1.575100000000001,0.29235250982332955,2.5199999999999902,0.34000000000000014,0.0,0.9316064552611036,0.02,0.05700564384460449,1.4430303573608398,0.009912666,0.022269947,-0.9117449748607205,0.0,1.5750999999999993,40000,5.718811988830566,0.8246014606452139,0.7587701666377966,-1.883225058974761,0.0,1.7287999999999994
12,9.75704312324524,-0.6595874452276206,17.070846850377833,147.37922884987682,-9.599466245556698,1.5845000000000011,0.3151154550319615,2.249999999999996,0.20000000000000004,0.0,0.9342028990913618,0.02,0.05722832679748535,1.4392127990722656,0.009985303,0.022258267,-0.8865292218974106,0.0,1.5844999999999996,40000,5.978448152542114,0.6804880985352456,0.5879224352814387,-2.4971038466445337,0.0,1.6983999999999997
13,10.156206846237183,1.3730016110568395,27.380490788876156,317.63738025430985,-11.920572492800385,1.5493500000000011,0.3228716114804771,2.0300000000000007,0.10999999999999999,0.0,0.9270879689317386,0.02,0.05445456504821777,1.408834457397461,0.009893483,0.026044363,-0.6605761386019855,0.0,1.5493499999999991,40000,5.324557542800903,0.8037620043306944,0.7301652404258036,-2.165217361279312,0.0,1.648
14,9.947503089904785,2.529745405949493,50.304344019000304,648.6873278566927,-9.693682783988313,1.6007500000000012,0.2987104576341446,2.299999999999995,0.2700000000000001,0.5,0.861593052470755,0.02,0.05625319480895996,1.4357826709747314,0.008297543,0.02343962,-0.34154398414683773,0.5,1.6007500000000001,40000,5.3134765625,0.9182336510092886,0.7778911145097145,-3.1469468074103855,0.0,1.6551999999999996
15,10.060454845428467,5.360644069934191,50.47669511908555,582.2915307028559,-11.055304168528812,1.572550000000001,0.34820108773523406,2.1699999999999977,0.17,0.5,0.8923726098424848,0.02,0.053218841552734375,1.4374306201934814,0.0099791065,0.023990834,0.2286748212612651,0.5,1.5725499999999994,40000,5.379371643066406,0.902904398659178,0.7542623632032197,-2.726103496686768,0.0,1.6783999999999997
16,9.753536462783813,6.740377250588524,59.35765535404852,642.5707190709138,-12.986262902988159,1.541300000000001,0.3053625877542961,1.9600000000000015,0.4300000000000002,0.5,0.9598753752240602,0.02,0.0559687614440918,1.468552589416504,0.0098552685,0.021732116,0.879845064193991,0.5,1.5413000000000006,40000,5.251022577285767,0.8088007460313915,0.7179323239913833,-3.0851287929510556,0.0,1.6175999999999997
17,10.051103591918945,10.815077591951113,91.00499597029301,910.37470182377,-13.722890077673728,1.545400000000001,0.341518432884669,2.1699999999999977,0.3200000000000001,1.0,0.8504463147435212,0.02,0.0544743537902832,1.4631478786468506,0.009841862,0.027135864,1.873368316969703,1.0,1.5454,40000,5.443046569824219,0.8877281407284885,0.8257837018412596,-2.4293126563488947,0.0,1.6244
18,9.749788761138916,3.9992692986129477,34.63645998759914,361.5714190423896,-10.974343718228955,1.5091000000000014,0.35617297763867517,2.4899999999999998,0.2900000000000001,0.0,0.8868205791740124,0.02,0.055480241775512695,1.467315912246704,0.009936978,0.02319871,2.0859584151340274,0.0,1.5090999999999988,40000,5.2712695598602295,0.9745296804952673,0.692763908062335,-2.6511429207641295,0.0,1.6675999999999993
19,10.054491996765137,3.6373336896125044,28.083533094557666,278.2958930975582,-10.480710654839761,1.5298000000000014,0.33355203492109026,2.020000000000001,0.15,0.0,0.8191490607516275,0.02,0.054857730865478516,1.4505090713500977,0.009916631,0.02823431,2.2410959425818753,0.0,1.5297999999999994,40000,5.31448221206665,0.8317962843151439,0.7572360032871683,-2.889456906497653,0.0,1.6835999999999995
20,10.05876350402832,6.611063446208627,46.2976405294942,561.3564067401693,-13.241799638957131,1.507600000000001,0.3526375476321264,1.9900000000000013,0.24000000000000007,0.5,0.82633116140798,0.02,0.05535578727722168,1.4562532901763916,0.008157675,0.021613004,2.6780926929445505,0.5,1.5075999999999992,40000,5.205758094787598,0.841690920471156,0.7976534774352722,-2.6526627590229555,0.0,1.6399999999999995
21,10.058573246002197,3.7894004833988504,27.509166563570627,221.99188931205038,-16.063779212429317,1.515150000000001,0.35409458835175694,2.0500000000000003,0.3000000000000001,0.0,0.957658799856561,0.02,0.055724143981933594,1.4844231605529785,0.009939246,0.02107722,2.7892234719899807,0.0,1.5151499999999998,40000,5.154249668121338,0.7911226300113526,0.6852451944410607,-1.9790735072533983,0.0,1.6739999999999995
22,10.266916990280151,11.73483503050947,92.04034970838721,920.1348288530783,-7.275556497612687,1.5074500000000013,0.36103739072290036,1.9500000000000015,0.35000000000000014,1.0,0.9370811861297136,0.02,0.0559084415435791,1.4329819679260254,0.00824649,0.018150667,3.6837846278419297,1.0,1.5074500000000004,40000,4.656029224395752,0.8934630527758065,0.7470686278541481,-1.4855120953951033,0.0,1.6731999999999994
23,10.258043766021729,10.832638373664308,59.71652072231954,605.33361206574,-8.644687936713554,1.4968500000000011,0.3687432406160148,1.9900000000000013,0.3000000000000001,1.0,0.7650178248134047,0.02,0.05446314811706543,1.422696828842163,0.0081263,0.024452925,4.398670002424168,1.0,1.4968500000000007,40000,4.066442489624023,0.8890277956205759,0.8021365908021534,3.1322514583093666,0.0,1.6467999999999992
24,10.059366464614868,9.556303021051441,65.26225239964484,664.5920769853459,-11.334291655344456,1.489200000000001,0.341308306374164,2.0899999999999994,0.15,1.0,1.0873265662182923,0.02,0.05563998222351074,1.4542899131774902,0.0099607995,0.019082004,4.914433304286895,1.0,1.4892,40000,5.570510625839233,0.8650866887380988,0.7224676484024147,-1.513370669619672,0.0,1.6955999999999996
25,9.87822699546814,14.982254220859652,74.75415221596236,583.4931086286853,-13.73637110549647,1.503600000000001,0.324853874842213,1.9900000000000013,0.3900000000000002,1.5,0.8573302912799066,0.02,0.05435514450073242,1.4478650093078613,0.0081276465,0.020608194,5.921215395944171,1.5,1.5036000000000005,40000,5.620593309402466,0.8443901495367645,0.69877208193755,-0.33508364608086494,0.0,1.5768
26,10.258190393447876,9.12446734165113,48.2890498678544,437.4657393597412,-9.99362750297598,1.5166500000000014,0.3406395125348793,1.9500000000000015,0.35000000000000014,0.5,0.8720363447444486,0.02,0.053971052169799805,1.4530107975006104,0.009954616,0.022651065,6.241540590514867,0.5,1.5166499999999994,40000,4.857471466064453,1.0355612603108912,0.7741162271735686,-0.1895408499256046,0.0,1.6043999999999996
27,9.952467441558838,6.860262029391039,44.73168600479033,476.2850051213716,-8.42089003419294,1.539500000000001,0.3193802592521964,2.0300000000000007,0.4300000000000002,0.5,0.8978618030468417,0.02,0.05464005470275879,1.438309669494629,0.008212683,0.019048588,6.303412734402484,0.5,1.5394999999999994,40000,4.737332582473755,0.8167113988700121,0.6959241103678826,-0.28366340202463913,0.0,1.5767999999999998
28,10.051411867141724,27.694670172383862,167.20922014893998,1870.2356128144638,-11.395441857805885,1.483950000000001,0.37254784592049417,2.06,0.17,2.5,0.9381350480192024,0.02,0.05676674842834473,1.4886927604675293,0.008122861,0.018856859,8.442538478200621,2.5,1.4839499999999999,40000,5.581930160522461,0.8611297153476184,0.6650758853968574,0.2141829081711716,0.0,1.5535999999999996
29,10.06196928024292,13.939514946899429,69.51949610658674,766.0921100793793,-11.848520141172406,1.489150000000001,0.3590303294987768,1.9900000000000015,0.3900000000000002,0.5,0.8873191613557813,0.02,0.05554461479187012,1.4375112056732178,0.008189483,0.018163629,8.992236125070502,0.5,1.4891500000000004,40000,5.494353532791138,1.065286587841556,0.7912780825302466,1.672885337889985,0.0,1.4076
30,9.949170589447021,19.47406854988672,81.02522197734767,612.9647640691439,-13.000102524438393,1.4809000000000012,0.3746467536226629,2.010000000000001,0.3200000000000001,1.5,0.8851393082429284,0.02,0.056997060775756836,1.4648611545562744,0.008219839,0.019343138,10.040419367552124,1.5,1.4808999999999992,40000,5.520738124847412,0.8181087875208068,0.708418176263477,1.6362266118700435,0.0,1.4347999999999999
31,9.963024854660034,17.463903023453923,63.55060349967092,500.5186172157666,-14.908257698483931,1.4537500000000012,0.4215180156292259,1.9700000000000015,0.09,0.5,0.8869318033351705,0.02,0.05636954307556152,1.4246079921722412,0.00811165,0.018738363,10.782767733142304,0.5,1.4537499999999997,40000,4.494038820266724,0.8312718321929607,0.699308435342034,4.342056195944408,0.0,1.3919999999999997
32,10.563687324523926,20.9995869753183,69.50118846339944,490.57662622831987,-15.161301468387936,1.4086500000000008,0.41888026630530145,1.9500000000000015,0.08,0.5,0.8375865836697551,0.02,0.057272911071777344,1.46205735206604,0.008150105,0.020365728,11.804449657359905,0.5,1.4086500000000004,40000,5.037707328796387,0.7703756746914956,0.6872599229944718,12.968873265468734,0.0,1.2772000000000001
33,10.460052728652954,27.561886460472834,97.97499682427227,639.3460206948898,-7.907142071548374,1.466000000000001,0.3932836126766538,1.9400000000000015,0.3300000000000001,2.5,0.8374949842567524,0.02,0.05477333068847656,1.4192845821380615,0.008148289,0.020198468,13.380193337671198,2.5,1.4659999999999989,40000,4.999472141265869,0.7515561670298951,0.627538444630671,9.314271202220134,0.0,1.314
34,10.158486604690552,17.904069048290932,155.49834514729005,2156.9651484930123,-11.154894108198942,1.521250000000001,0.3370221617342103,2.1299999999999986,0.4200000000000002,1.0,0.8857667730890907,0.02,0.055864810943603516,1.4327130317687988,0.008224649,0.020498265,13.83258090873317,1.0,1.52125,40000,4.836467266082764,0.910018690540961,0.728117378856961,11.845557616515576,0.0,1.2495999999999998
35,10.460243940353394,33.35299547801165,138.0683779742362,1194.538471479435,-11.811321091182537,1.4697000000000011,0.4113719849479304,1.9700000000000013,0.10999999999999999,2.5,0.9151035720613323,0.02,0.054024696350097656,1.3931500911712646,0.008200387,0.018487927,15.784622365661019,2.5,1.4697000000000005,40000,4.957653522491455,0.77926636753485,0.6303009429663126,106.03900162400157,8.0,1.2064
36,10.290021181106567,46.62427372245322,180.10842700057555,1863.31325969326,-10.690562773842238,1.465750000000001,0.45529489070271845,2.2399999999999993,0.09,4.5,0.8473146515900862,0.02,0.05556130409240723,1.4404816627502441,0.008133605,0.020935275,18.868587501340237,4.5,1.4657500000000006,40000,4.824032306671143,0.7659048529694069,0.6883513186499903,49.98397771539657,0.0,1.168
37,10.357492208480835,37.23102148744406,150.59030814730662,1621.6039641608588,-13.31699698127119,1.4345500000000009,0.4304774064919091,2.0300000000000007,0.03,3.5,0.8869432349887647,0.02,0.05565762519836426,1.4689548015594482,0.008132753,0.018737353,20.70483089995062,3.5,1.4345500000000004,40000,5.126492023468018,0.7822085795381096,0.7140665555595701,59.96456139664208,8.0,1.2031999999999998
38,10.658536911010742,33.45834866280842,90.08163334802039,512.3688917904894,-10.587284852276815,1.4171500000000008,0.4484678109965087,2.2199999999999966,0.04,2.0,0.8196429229094282,0.02,0.05542755126953125,1.4523122310638428,0.008146553,0.01989733,21.9801826762364,2.0,1.4171499999999995,40000,5.603144645690918,0.8666277593268386,0.6359459257268549,120.12832037460255,12.0,1.1219999999999997
39,10.357619524002075,39.34121786258317,112.9225495910224,737.9635079027715,-13.25994339748482,1.4083500000000009,0.4449435666463786,2.199999999999999,0.21000000000000005,4.0,0.8025336584566071,0.02,0.05579328536987305,1.436793565750122,0.008130401,0.020923587,23.716286194871078,4.0,1.4083500000000004,40000,5.9465532302856445,0.7027618584842871,0.5815039566958138,91.01000176447477,8.0,1.1403999999999999
40,10.152441024780273,33.47836036040192,119.58698991419294,848.42386442302,-14.367677184644286,1.448350000000001,0.417308971267094,2.010000000000001,0.0,2.5,0.9655271486356274,0.02,0.056722402572631836,1.4192967414855957,0.009907027,0.02246435,24.69249361142416,2.5,1.44835,40000,4.814167737960815,0.7071952027206739,0.5616754855225441,33.15327067274104,0.0,1.178
41,10.460242509841919,34.825825762438406,110.60006956941456,741.6973046867356,-11.773084944813633,1.4577000000000009,0.41489963846694333,2.0000000000000013,0.13999999999999999,4.0,0.8569018687987888,0.02,0.05593395233154297,1.4353396892547607,0.008204126,0.01926182,25.705826826525588,4.0,1.4577,40000,5.95132851600647,0.6752481210202625,0.5188668749590216,37.53110182413599,0.0,1.1640000000000001
42,10.362390995025635,28.877322949546336,83.82949983763503,545.0955337985624,-10.330495646016493,1.427600000000001,0.4361550641686971,2.0400000000000005,0.18000000000000002,1.0,0.839235534452583,0.02,0.05533790588378906,1.4366049766540527,0.008174979,0.01962821,26.022976438827666,1.0,1.4276000000000004,40000,4.896410942077637,0.8078147657285413,0.6149714664379823,53.65502817806462,0.0,1.148
43,10.357727527618408,40.232854405617765,141.3693416697183,920.0780474596601,-11.40802775910886,1.4558000000000009,0.4156409027032834,2.0500000000000003,0.15,3.5,0.859379610192281,0.02,0.05533027648925781,1.4304308891296387,0.0082627395,0.020108676,27.443964235506677,3.5,1.4558000000000002,40000,5.620491027832031,0.7373978068960735,0.5670437379421875,25.716525314013843,0.0,1.158
44,10.357382774353027,55.4858802674315,146.93670192677214,851.1880408538287,-11.739216766449944,1.3236500000000009,0.45614710072519404,2.06,0.10999999999999999,4.5,0.7868480413615008,0.02,0.056830644607543945,1.4400310516357422,0.0081899045,0.022267072,30.24815583869916,4.5,1.3236499999999995,40000,4.543928384780884,0.7660176909078442,0.6309794622283678,57.21075620986504,8.0,1.1552
45,9.959686040878296,26.400367451888098,93.40967959857954,881.3454648456708,-14.22825559865505,1.4568000000000012,0.39306330278976725,2.0300000000000007,0.09999999999999999,1.0,0.8320465635754256,0.02,0.056955814361572266,1.4241912364959717,0.008173962,0.020580377,29.86337700001805,1.0,1.4567999999999999,40000,4.389408111572266,0.8577929552633377,0.6440619489007593,53.65865634015253,4.0,1.2207999999999999
46,10.555263042449951,44.783536983783115,131.7949368520989,1138.0150207625056,-7.425131691721001,1.387450000000001,0.44195813998613076,2.0300000000000007,0.19000000000000003,3.5,0.7949220244132998,0.02,0.05500173568725586,1.4255166053771973,0.008157041,0.022072414,31.355392998394557,3.5,1.3874499999999994,40000,4.326749086380005,0.6952886427406029,0.5254530976577495,24.846269049985906,0.0,1.1208
47,10.152707576751709,46.11455902449419,152.12786104300162,1289.7496629339623,-10.819208536786977,1.4379500000000014,0.42189370402981874,1.9400000000000015,0.3200000000000001,4.0,0.8824998866391489,0.02,0.05632519721984863,1.4610645771026611,0.008132262,0.018574838,32.83130960100452,4.0,1.43795,40000,5.082180500030518,0.652009579690165,0.5444562838382675,28.659132412631056,0.0,1.0856
48,10.65734577178955,36.8102911699813,117.77567780594502,1157.2247430178838,-13.566717378357978,1.405800000000001,0.42933478778221584,1.9400000000000015,0.2800000000000001,2.0,0.9875403634243964,0.02,0.05539298057556152,1.456125259399414,0.00991594,0.020195995,33.2292077579022,2.0,1.405800000000001,40000,5.845557451248169,0.8385224763763189,0.6023401854547189,36.24756853971916,0.0,0.9719999999999999
49,10.454842805862427,57.81103356127492,163.43962194969998,1276.9262450473757,-15.937354494119159,1.345450000000001,0.4590477072157102,2.0700000000000016,0.15,5.0,1.0047871733686071,0.02,0.05613851547241211,1.4536116123199463,0.009983794,0.020486547,35.687390338239474,5.0,1.3454499999999996,40000,5.559112071990967,0.7584309724607211,0.6081023922706439,33.796254107183124,0.0,1.0936
50,10.250522136688232,45.609281644146705,139.48460140421332,929.3986518263252,-12.038924910779345,1.412400000000001,0.43012932938826703,1.9400000000000015,0.13999999999999999,4.0,0.9262892685056088,0.02,0.05714869499206543,1.426602840423584,0.008230768,0.017635519,36.6795794688302,4.0,1.4123999999999999,40000,5.588322401046753,0.6122257044655236,0.5354432153918878,34.24894873094774,0.0,1.0952
51,10.251263856887817,66.7414854298927,194.0303727286305,1787.399500735199,-15.477251750653434,1.347050000000001,0.4574809258318868,1.9500000000000015,0.23000000000000007,5.5,0.9543258120918455,0.02,0.053668975830078125,1.4364161491394043,0.008112475,0.01735806,39.68577006493645,5.5,1.3470500000000003,40000,5.115950345993042,0.6988190116469558,0.5736998930266327,89.48910078059477,8.0,1.0339999999999998
52,10.561081409454346,77.40301234773204,212.51177509231658,1780.589929442089,-10.078827645690401,1.3266500000000008,0.4778444072080371,1.9400000000000015,0.16,5.0,0.8845833606188108,0.02,0.05754280090332031,1.4962849617004395,0.008103051,0.01855402,43.45749429321601,5.0,1.3266499999999997,40000,5.114743232727051,0.6738682802598069,0.5444921821017511,109.58557161635294,8.0,0.9959999999999998
53,10.460078716278076,52.95183316489788,166.09228421751382,1337.72737004694,-11.55299642425964,1.411400000000001,0.4636486169503802,2.0700000000000016,0.17,3.0,1.0000743855824532,0.02,0.05658984184265137,1.46148681640625,0.009967221,0.019822517,44.4069281803842,3.0,1.4114000000000007,40000,4.632352352142334,0.7351364387350192,0.6023717178902996,94.79309269961246,8.0,0.9479999999999998
54,10.652978420257568,47.448463743714434,158.7079481811058,1479.6954926790677,-11.041216664593902,1.357650000000001,0.4607526207196226,1.9400000000000015,0.03,3.0,0.9717883511147818,0.02,0.0546567440032959,1.4018886089324951,0.009996904,0.021172812,44.71108173671722,3.0,1.3576499999999998,40000,4.756853103637695,0.6612455824478894,0.4785398035027964,64.59649273400346,0.0,1.0335999999999999
55,10.857075452804565,83.2289068685048,209.52045313484527,1787.2218987378235,-7.584088923396543,1.2543000000000009,0.4830854065276661,1.9300000000000015,0.060000000000000005,7.5,0.8620693591221026,0.02,0.05692172050476074,1.457242488861084,0.008127249,0.019181792,48.56286424989597,7.5,1.2542999999999993,40000,4.773051500320435,0.7148773767439599,0.5637616624846302,150.41803772746277,12.0,0.9807999999999997
56,10.760115146636963,84.55497721291813,232.29966445254385,1824.5013406170826,-15.21504293487786,1.351750000000001,0.4797899931219913,1.9300000000000015,0.0,7.5,0.9042431611607704,0.02,0.05637931823730469,1.4744536876678467,0.008151256,0.018728776,52.16207554619819,7.5,1.3517500000000013,40000,4.832083702087402,0.6656697296814498,0.5426505257172474,69.73837963213212,0.0,1.0372
57,10.449254989624023,66.35083522597253,176.40733724116959,1266.7806947118063,-8.739989000397205,1.368600000000001,0.46196216295276865,2.0300000000000007,0.15,4.0,0.9636700941291261,0.02,0.0543217658996582,1.4782214164733887,0.009981951,0.020638777,53.580951514175624,4.0,1.3686,40000,5.063717365264893,0.8190457776763441,0.6206921913945981,108.26741387365101,8.0,1.048
58,10.45680284500122,97.38731031913642,250.5399617272524,1776.9781579640057,-11.810599446853905,1.2472500000000009,0.4960997253577152,1.9500000000000015,0.01,7.0,0.8706475148284448,0.02,0.05505728721618652,1.4803342819213867,0.008192483,0.019785611,57.96158739467171,7.0,1.2472499999999997,40000,4.444243431091309,0.6929163697453907,0.5565372194868482,56.59021296155948,0.0,1.0719999999999996
59,10.553182125091553,113.24982848956188,327.504110851537,2925.098838335093,-14.286411509423209,1.3080500000000006,0.5015303555120073,2.1199999999999988,0.19000000000000003,9.0,1.007069915689041,0.02,0.05579710006713867,1.4737555980682373,0.009903601,0.020249682,63.49041150416073,9.0,1.3080499999999997,40000,4.049972295761108,0.6550905244490707,0.5217462388993811,119.16290946895988,4.0,1.0655999999999997
60,10.661036014556885,99.78477900374513,242.20133162479195,1557.626811404817,-11.99914096792442,1.257400000000001,0.5112271902002088,1.9500000000000015,0.0,8.5,0.8808499206836397,0.02,0.05525803565979004,1.4420413970947266,0.008120879,0.018473193,67.11984825411918,8.5,1.2574000000000007,40000,4.288702726364136,0.7315655945949386,0.5067497134049131,117.63832069207832,8.0,0.9268000000000002
61,10.957018375396729,121.09523470430861,286.2865775415834,2365.0164483361687,-12.725327794980014,1.2271000000000007,0.5311248346669553,2.109999999999999,0.05,10.5,0.9893637280038301,0.02,0.05600261688232422,1.4416756629943848,0.009935928,0.020761093,72.51738689913812,10.5,1.2270999999999999,40000,4.346800327301025,0.6198656834492012,0.5135547717220837,232.9250213727618,12.0,0.9028
62,11.060044288635254,127.00132684187065,293.6828342343163,2112.8523247508906,-15.730734855276589,1.2648000000000008,0.523642015121018,1.9400000000000015,0.0,12.0,1.0036703455920182,0.02,0.05588078498840332,1.4493427276611328,0.009877941,0.020008888,77.96578089341138,12.0,1.2648000000000001,40000,4.52353835105896,0.5508514563564034,0.46296811668735627,183.82378307507497,24.0,0.8555999999999999
63,10.658121109008789,123.86525298060856,254.33910182334048,1243.3525833062959,-16.430381516123816,1.2755500000000008,0.5050848418830252,1.9400000000000015,0.0,14.0,0.9768300638821686,0.02,0.05431032180786133,1.4606308937072754,0.009995921,0.020644253,82.5557281021311,14.0,1.2755499999999997,40000,4.720088958740234,0.4557714401642534,0.3736453406320674,182.3795881406557,16.0,0.8192
64,10.586697101593018,122.5295439130007,313.7739656953396,1751.7034045607443,-9.590242956542747,1.292600000000001,0.48340897798861826,1.9500000000000015,0.12999999999999998,9.5,1.023534917040851,0.02,0.05487537384033203,1.4155950546264648,0.009914704,0.019850986,86.55310968321805,9.5,1.2926000000000002,40000,4.90609884262085,0.5419194428294282,0.42703724402977056,162.3221186999829,20.0,0.8508
65,10.757222175598145,124.09782573382574,298.22419677688015,2177.5548260255305,-10.153087602711482,1.2643000000000009,0.5032111982060817,1.9700000000000015,0.0,11.5,0.8465184159651418,0.02,0.055936574935913086,1.47227144241333,0.008143213,0.019167371,90.30758128827883,11.5,1.2642999999999995,40000,5.23625111579895,0.5876742554375953,0.4196756063242264,187.34449390230023,16.0,0.7415999999999998
66,10.760778665542603,156.56100911523362,336.51330558426486,1711.3466633679611,-18.883288925760663,1.219850000000001,0.48802917689416936,1.9400000000000015,0.12999999999999998,14.5,0.8807959793701837,0.02,0.05474233627319336,1.4678304195404053,0.008158241,0.018686404,96.93292407097431,14.5,1.21985,40000,5.1986777782440186,0.5601833979333423,0.41547030261509815,200.75982767500133,24.0,0.7587999999999998
67,10.764036655426025,153.1086301464577,329.63783439945183,1942.6879966061815,-10.307959226313224,1.198350000000001,0.5249293071452579,1.9500000000000015,0.16,14.5,0.9849048805561953,0.02,0.05606842041015625,1.4225616455078125,0.009978119,0.020485604,102.55049467852265,14.5,1.1983500000000005,40000,4.450864791870117,0.6254997943649773,0.4629792308627012,189.71336342283792,16.0,0.6608000000000002
68,10.656472206115723,163.655939739603,340.1525260783364,1896.2432759803169,-14.899466807632624,1.1494500000000007,0.5331549469900851,1.9400000000000015,0.0,13.5,0.8343960033965357,0.02,0.05621743202209473,1.5028042793273926,0.008120613,0.019563025,108.6610391846307,13.5,1.149449999999999,40000,5.441044569015503,0.520710274090433,0.43946784609015827,432.4852598086699,32.0,0.6007999999999999
69,10.459551095962524,179.46847299375997,428.06162830733007,3189.1205804190067,-14.800642880396204,1.2158000000000009,0.5213984656670947,1.9500000000000015,0.060000000000000005,16.0,0.9757729913063224,0.02,0.055616140365600586,1.4841666221618652,0.00996831,0.021027472,115.74178256554363,16.0,1.2157999999999998,40000,5.010118007659912,0.5642123505654181,0.4202088579738684,550.6130446040587,36.0,0.5392000000000001
70,10.650744438171387,138.63250311350552,299.3434447223996,1873.6944707892967,-12.314729613716844,1.272300000000001,0.5103162842786819,1.9400000000000015,0.15,15.0,0.932669292383008,0.02,0.055083513259887695,1.4338569641113281,0.009973194,0.021279715,118.03085462033982,15.0,1.2723000000000004,40000,4.507418632507324,0.6996296708483799,0.4751162795160009,467.9626431714028,32.0,0.5764
71,11.05563473701477,188.1626669836642,367.0190999059512,1965.21240001824,-17.806853901253962,1.1372000000000007,0.4917877184314391,1.9600000000000015,0.0,16.5,0.9348852708781491,0.02,0.055062055587768555,1.445476770401001,0.008135438,0.017605593,125.04403585667227,16.5,1.1372000000000004,40000,5.16211199760437,0.5268479483974865,0.4072123184974176,613.4853476934825,44.0,0.5244
72,11.356488227844238,243.062608872803,398.2993689465732,1862.4355202280926,-12.294600048990906,1.0940000000000007,0.5415357790580421,1.9400000000000015,0.0,26.0,0.8459719910179088,0.02,0.05507659912109375,1.428520917892456,0.008148368,0.019287646,136.84589315828535,26.0,1.0940000000000005,40000,4.903301239013672,0.5164727280311642,0.39983674645738865,607.5627235677114,44.0,0.5676000000000001
73,11.056009292602539,174.50844209301664,393.2045716207185,2826.968022290037,-15.186496441217969,1.231100000000001,0.5454033278226312,1.9500000000000015,0.060000000000000005,14.5,0.8553815794362524,0.02,0.05518293380737305,1.4114859104156494,0.008196617,0.019011624,140.61214805175848,14.5,1.2311000000000003,40000,4.073566198348999,0.5286928046157338,0.4282249746856731,710.4488135408752,44.0,0.5264
74,11.061432123184204,227.290327914321,410.1088211551342,2389.768100090705,-9.564390441322356,1.1958000000000009,0.5157454410850381,1.9400000000000015,0.0,23.0,0.8900204309069799,0.02,0.056299448013305664,1.4278254508972168,0.008131502,0.018386804,149.27996603801472,23.0,1.1958000000000002,40000,3.9828951358795166,0.47326315578288874,0.38845390293161725,585.0840417594696,36.0,0.5644
75,10.758440494537354,247.2530140355137,461.64760589152223,2232.8090420862973,-12.135644355464372,1.144800000000001,0.5474677707408907,1.9400000000000015,0.0,22.0,0.9536900771391932,0.02,0.054300546646118164,1.404676914215088,0.0099960705,0.02122408,159.07727083776462,22.0,1.1447999999999994,40000,4.076091289520264,0.4812265329775575,0.3815498434009944,461.39488745614153,36.0,0.5964
76,10.758466958999634,214.1397221164113,396.2399889204023,1926.5466215761846,-12.50593183675508,1.1384000000000007,0.5212143896708921,1.9400000000000015,0.11999999999999998,21.5,0.8872074493627772,0.02,0.05605816841125488,1.4233741760253906,0.00817318,0.018248722,164.5835159656293,21.5,1.1384000000000003,40000,4.289910554885864,0.5686536000254708,0.4342374262278337,531.3586154411801,44.0,0.5996
77,11.058928728103638,298.9864561911989,506.17769397946694,2203.5138576246013,-10.579878272563997,1.1287000000000007,0.5436012417204366,1.9500000000000015,0.0,27.0,0.8699760484497449,0.02,0.055211544036865234,1.4008378982543945,0.008107048,0.018785222,178.02380998818626,27.0,1.1287000000000005,40000,4.07876181602478,0.42364607643288843,0.3271461114410382,627.2189582625698,44.0,0.5828
78,11.054267406463623,264.2735140554563,420.75719151670836,2302.8300043327868,-16.13007748544541,1.0562000000000007,0.5598728069838725,1.9300000000000015,0.0,28.5,0.8474594723883035,0.02,0.05478954315185547,1.4713008403778076,0.00813573,0.019055171,186.64878039491327,28.5,1.0562000000000002,40000,4.251545667648315,0.47924232915485887,0.35347530833268936,770.8287915762634,52.0,0.5731999999999999
79,10.756510019302368,300.72407384310196,543.7104220172796,2409.0692588603124,-12.826560774864532,1.0905000000000007,0.5098811135941402,1.9200000000000015,0.09,24.5,0.9893937633120196,0.02,0.05592465400695801,1.457045078277588,0.0099902935,0.020537524,198.05630973973214,24.5,1.0905,40000,4.809344530105591,0.4888955909628219,0.36574070393638086,751.9642216863715,52.0,0.5771999999999999
80,10.960645198822021,280.76165692360627,505.69078580606214,3162.563320118117,-15.085166595795247,1.1161500000000006,0.5381455913598109,1.9900000000000015,0.0,24.0,0.8752686851330973,0.02,0.05675148963928223,1.4694812297821045,0.008124597,0.018499678,206.32684445811955,24.0,1.1161499999999989,40000,4.699372053146362,0.41140097920799207,0.32040206353063266,805.8174534031682,60.0,0.564
81,11.159132719039917,273.3359483655363,460.52663353706106,2110.4730513319537,-14.500119968633483,1.069250000000001,0.5115954822904523,1.9000000000000015,0.03,25.5,0.9805997738593113,0.02,0.055647850036621094,1.4249045848846436,0.009958174,0.01999836,213.02775484886124,25.5,1.06925,40000,4.622893333435059,0.4713655994083634,0.36097429915943946,768.6791261447071,60.0,0.528
82,11.456550121307373,353.96490465911813,532.8076048596979,2194.4664123222265,-11.05339568578322,1.046300000000001,0.5516668469284705,1.9500000000000015,0.060000000000000005,31.0,0.9128120928541967,0.02,0.05684852600097656,1.4786078929901123,0.008101593,0.01780416,227.12146982988693,31.0,1.0463000000000005,40000,4.174469232559204,0.357982493220459,0.28177458177992853,758.3214460361437,68.0,0.5476
83,11.559526681900024,393.4658557762452,609.3356115143943,3132.874006027557,-14.130161452101614,1.0248000000000008,0.5406699177871842,1.9400000000000015,0.02,31.0,0.8787753319896382,0.02,0.05545210838317871,1.4401097297668457,0.0081173,0.0185712,243.75590842452277,31.0,1.0248,40000,4.315493106842041,0.38859326584484716,0.3149091371168663,924.317814131301,68.0,0.43999999999999995
84,11.362006902694702,364.23318014184116,530.854542352098,2352.512196230559,-9.542407849934342,1.0180000000000007,0.5199230712326588,1.9400000000000015,0.0,33.5,0.8834407872189194,0.02,0.054620981216430664,1.3929476737976074,0.008100586,0.018444806,255.8036355962546,33.5,1.0180000000000002,40000,4.497434854507446,0.42087953293976016,0.34178153423156477,790.7301304531717,56.0,0.41080000000000005
85,11.46083927154541,410.8255978598232,586.7470164661436,2722.9810816808604,-15.495729353921954,0.9837500000000006,0.5437448275616059,1.9500000000000015,0.0,34.5,0.8539225776450035,0.02,0.055429697036743164,1.4432837963104248,0.008170693,0.019025715,271.3058318226115,34.5,0.98375,40000,4.91619610786438,0.3735913017741305,0.3154780814076457,958.770933769673,64.0,0.3892000000000001
86,11.156838655471802,430.1677277198935,621.7997410600314,3088.9035697190066,-16.457476534258014,0.9668500000000005,0.5511447881455476,1.9400000000000015,0.0,37.5,0.8686151189347203,0.02,0.056122779846191406,1.433509111404419,0.008131503,0.01880944,287.19202141233967,37.5,0.9668500000000003,40000,4.661028146743774,0.37075156007569976,0.2944966977597221,920.1285907721726,64.0,0.3704
87,11.4636971950531,559.3019299186693,697.2865544190488,2558.383502121349,-12.256457775331006,0.9113000000000006,0.5569464157349435,1.9200000000000015,0.0,42.5,0.8744870029899056,0.02,0.0553898811340332,1.4846324920654297,0.0082076015,0.01874573,314.40301226297265,42.5,0.9113000000000006,40000,4.846235752105713,0.3561528175769088,0.2873408294217493,915.7155288247003,64.0,0.41440000000000005
88,11.561765909194946,444.5837271850643,606.5316631351382,2487.312172910523,-12.540125358320903,0.9341000000000007,0.5200703702384903,1.9100000000000015,0.04,37.0,0.8582849373092462,0.02,0.05536818504333496,1.476210355758667,0.008123085,0.018692635,327.4210837551818,37.0,0.9340999999999998,40000,5.019269227981567,0.35365468676963796,0.28121295539286945,1096.1201224484182,72.0,0.4072
89,11.757108211517334,647.3754878253596,755.8842039761638,3707.1821710522386,-11.724020325671624,0.8278000000000005,0.5524293257965226,1.9300000000000015,0.0,49.0,0.8203317434504955,0.02,0.056371450424194336,1.4820106029510498,0.008158232,0.019762866,359.4165241621996,49.0,0.8277999999999999,40000,5.4986326694488525,0.31167765321111524,0.2508801302884026,1327.5504564881367,76.0,0.43439999999999995
90,11.553070783615112,575.3986618689325,709.7818256995571,2784.1096380301547,-11.293243299198133,0.8716500000000005,0.5289997896975012,1.8500000000000014,0.0,44.5,0.9289855053472763,0.02,0.05676865577697754,1.4725747108459473,0.009971521,0.021150038,381.01473793287295,44.5,0.8716499999999999,40000,5.296463489532471,0.31495491792098285,0.24314892340076122,1137.7325819918426,76.0,0.45120000000000005
91,11.56298828125,674.5886855758987,779.6998886169229,2882.1127852426453,-12.71091407264125,0.8279000000000005,0.5438148490065351,1.8800000000000014,0.0,50.5,0.8165074761925091,0.02,0.053009748458862305,1.4701488018035889,0.0081542125,0.020122694,410.3721326971755,50.5,0.8278999999999997,40000,4.613109111785889,0.3006369272482344,0.24375285865115162,891.9116441498503,72.0,0.4404
92,11.159398794174194,624.4050112162045,760.6043786821152,3099.182357436046,-18.315475220075633,0.8555000000000007,0.5351455409512448,1.8700000000000014,0.0,46.5,0.8850128753374832,0.02,0.05585360527038574,1.4361448287963867,0.00814397,0.018420624,431.77542054907843,46.5,0.8555000000000004,40000,4.503833770751953,0.3161891997604563,0.24549881001575596,862.8594355078976,64.0,0.4664
93,11.66710376739502,679.9086262812199,811.5924543698513,3193.8730393869696,-13.307011792569753,0.8415000000000006,0.5286650641001356,1.9400000000000015,0.0,48.5,0.8708835297668084,0.02,0.055835723876953125,1.4372048377990723,0.008156719,0.0187093,456.58874112229256,48.5,0.8414999999999995,40000,3.75581955909729,0.31032147071829164,0.26612269427055074,1131.1037812899742,76.0,0.43080000000000007
94,11.755318641662598,721.5950146472443,826.2933812371058,3129.0284135933252,-12.645698122268382,0.8118000000000006,0.5088307773710238,1.9500000000000015,0.0,48.0,0.8911354170041761,0.02,0.05702805519104004,1.4667994976043701,0.008115395,0.018012268,483.08936847478776,48.0,0.8117999999999996,40000,4.0673298835754395,0.27272429874975584,0.22163572939652687,1156.2563334413312,72.0,0.4296
95,12.254830598831177,855.8311595722054,882.5293991042047,3637.63413393376,-6.3731039435001415,0.7596000000000005,0.497023983324749,1.8500000000000014,0.0,56.5,0.8640644667481849,0.02,0.05465078353881836,1.3901920318603516,0.008113254,0.018852755,520.3635475845296,56.5,0.7595999999999998,40000,4.1747376918792725,0.25096330569192615,0.2026199171656804,1072.6963668728283,72.0,0.4456
96,12.157000064849854,961.54704870761,868.7179426667587,2898.6237991137987,-14.886306047928835,0.6782000000000005,0.4889823718703982,1.9400000000000015,0.0,61.5,0.8300100921419088,0.02,0.056740522384643555,1.430661916732788,0.008119336,0.019496704,564.4818976968377,61.5,0.6781999999999999,40000,3.879354953765869,0.2506466912506906,0.20004843394451655,1236.3635576290624,72.0,0.4440000000000002
97,12.56193733215332,900.589415032849,871.4808312537172,3061.624486722526,-16.059200282705422,0.7123000000000005,0.5071525510139927,1.9300000000000015,0.0,59.0,0.9052283244082708,0.02,0.05554342269897461,1.411407470703125,0.009969903,0.021791507,598.0926494304388,59.0,0.7122999999999997,40000,3.4766664505004883,0.24725577381551844,0.21014802169055471,1173.2857438017743,72.0,0.4344000000000001
98,12.362046718597412,1138.8434756729364,971.4293841842228,3753.5163944538294,-13.286600847281765,0.5950500000000004,0.415368508074457,1.6800000000000013,0.0,67.0,0.9677230114417077,0.02,0.05565953254699707,1.4356300830841064,0.009999273,0.020506166,652.1677320546885,67.0,0.59505,40000,3.851102590560913,0.2277317358374879,0.16664709970879688,1305.8669871833006,76.0,0.3912000000000001
99,12.456915855407715,1038.0806828284956,942.7569172935761,3683.550037279119,-13.193948851481368,0.6418500000000005,0.4670289899995506,1.8100000000000014,0.0,65.0,0.8378374198962592,0.02,0.05690479278564453,1.4768345355987549,0.008170493,0.019365374,690.7590271320693,65.0,0.6418499999999997,40000,3.9574832916259766,0.24162601244979637,0.20252226046898325,1062.1998831065578,76.0,0.4312000000000002
100,12.061898469924927,1052.2880092787811,1020.059068828051,4066.005191248825,-12.297646182439614,0.6716000000000004,0.48513651686922143,1.9400000000000015,0.0,60.5,0.7971417981533274,0.02,0.05678248405456543,1.396718978881836,0.008173548,0.020390533,726.9119253467404,60.5,0.6716000000000004,40000,4.396924018859863,0.22574778985270452,0.19170505249458408,1305.5654739766346,84.0,0.3752
101,12.45851755142212,1230.8467184128895,1010.8579508144442,3761.4870052079514,-11.968022265635048,0.6088000000000003,0.46420637651803137,1.9400000000000015,0.0,68.0,0.8490491135522056,0.02,0.05649375915527344,1.480163812637329,0.008124211,0.019058816,777.3054046533554,68.0,0.6087999999999999,40000,4.482564687728882,0.194509295183021,0.15601102196795125,1238.4247849872638,76.0,0.37040000000000006
102,12.556254386901855,1247.5172498665595,956.8269114218808,3505.115757640076,-7.342493199144501,0.5785500000000003,0.4150872167388443,1.6700000000000013,0.09,70.0,0.9825581340911808,0.02,0.054976463317871094,1.4307365417480469,0.009975347,0.020304935,824.3265891746759,70.0,0.5785499999999998,40000,4.088709354400635,0.17430564595263046,0.14073664113829246,1461.4877772528353,72.0,0.3796000000000001
103,13.366781949996948,1261.217536321659,1033.599862708681,4003.9859794164395,-14.67442818340486,0.6010500000000003,0.4584063672114517,1.7900000000000014,0.0,68.5,0.833499283878562,0.02,0.05530142784118652,1.4312200546264648,0.008194304,0.019387648,868.0156838893741,68.5,0.6010500000000001,40000,4.248542785644531,0.18161095607800834,0.15378096013159112,1737.4782299261879,88.0,0.3164
104,12.161377906799316,1169.1439609587917,1015.226147680478,3902.307377820139,-16.193634599183,0.6551500000000005,0.4954795429682243,1.8700000000000014,0.0,65.5,0.7884359545861025,0.02,0.05649209022521973,1.4320814609527588,0.008136341,0.020454269,898.1285115963159,65.5,0.65515,40000,4.456939220428467,0.18328221959618632,0.15383962309380572,1626.2017687319185,88.0,0.3576
105,12.358784675598145,1465.1310068355724,1017.239613779205,3601.409375745881,-12.477968587298898,0.5341500000000003,0.4224704457118868,1.6900000000000013,0.0,78.0,0.9682225098192232,0.02,0.05667400360107422,1.471538782119751,0.0099984715,0.020649567,954.8287611202416,78.0,0.53415,40000,4.471123933792114,0.15946433115472736,0.12946100256180965,1355.898512282051,84.0,0.36639999999999995
106,12.265944957733154,1351.726669841251,1011.5874026605815,3513.918579523095,-9.89526331963063,0.5647500000000004,0.43330005481190553,1.6900000000000013,0.0,73.0,0.9410023829790524,0.02,0.05734968185424805,1.4476892948150635,0.00999171,0.021195538,994.5185519923425,73.0,0.5647500000000002,40000,4.268768310546875,0.1671731470708558,0.13666304038029412,1302.6889335557028,80.0,0.3264
107,12.262040853500366,1395.8941438887587,1104.3549311574393,4161.392233231745,-17.680029474320662,0.5767000000000003,0.4458644524964962,1.8500000000000014,0.0,68.5,0.8991697242233401,0.02,0.05535387992858887,1.4513270854949951,0.009985052,0.021732131,1034.6561111819842,68.5,0.5767000000000002,40000,4.294187068939209,0.1670928968217955,0.14662603072553207,1482.4360489628618,84.0,0.29760000000000003
108,12.65926218032837,1477.107035956128,1081.2416926047185,3822.316267028346,-15.59488668872135,0.5623000000000004,0.4622701699223089,1.9500000000000015,0.0,72.5,0.8542483689890582,0.02,0.057253122329711914,1.440366506576538,0.008107952,0.018905269,1078.9012036593986,72.5,0.5623000000000002,40000,4.228236436843872,0.14769029132532538,0.1297523617367701,1516.8684205211039,88.0,0.284
109,12.66473913192749,1617.7597465459526,1093.1876966506734,4017.5647674198945,-14.654014707005093,0.49205000000000026,0.4062219805721993,1.8200000000000014,0.0,78.0,0.8809737914103389,0.02,0.054615020751953125,1.4100596904754639,0.0081209205,0.01836925,1132.7870579480539,78.0,0.49205000000000026,40000,3.935471773147583,0.1509818851592783,0.12410033953269084,1498.373430313578,88.0,0.23119999999999996
110,12.563311338424683,1817.4216508188283,1049.9501433906191,4073.881865992084,-13.553369245890822,0.46160000000000023,0.3824636453311612,1.8000000000000014,0.0,84.0,0.8620731158933674,0.02,0.057657718658447266,1.4677019119262695,0.008128303,0.018647684,1201.2505172351314,84.0,0.4616000000000002,40000,4.205058574676514,0.12668856648276164,0.10533202681192488,1264.0178740304439,84.0,0.2752000000000001
111,12.765949726104736,1654.9157020547384,1137.2146521119282,3835.539610752337,-11.69919802014083,0.4965000000000003,0.39953191361892515,1.8900000000000015,0.0,76.0,0.9567679354436834,0.02,0.05653953552246094,1.4698944091796875,0.009995102,0.020603262,1246.6170357170922,76.0,0.4965,40000,4.511486053466797,0.1365045045418473,0.11544393879853233,1302.8054139562485,76.0,0.28080000000000005
112,12.559706926345825,1573.6162132315023,1150.6794813306992,4005.9197155758184,-17.21872241559056,0.5491000000000004,0.43417069223981514,1.7600000000000013,0.0,74.0,0.8550187332210406,0.02,0.056311845779418945,1.457401990890503,0.0081414655,0.018712364,1279.3169534685333,74.0,0.5490999999999996,40000,4.5224010944366455,0.1391564441652407,0.12160805988932989,1480.9335399272538,88.0,0.2712000000000001
113,13.058882236480713,1767.428273389405,1158.9498679076148,3964.069695769236,-16.646396577422536,0.4885500000000003,0.40767805619140246,1.7900000000000014,0.0,78.0,0.8935963358466498,0.02,0.05591130256652832,1.472362995147705,0.008152776,0.018052567,1328.1280854606205,78.0,0.48855000000000004,40000,4.195423603057861,0.1310053653070878,0.1096806823030975,1427.8188422331593,80.0,0.2724
114,12.85610294342041,1847.264390589982,1141.4107397784312,4029.400248661626,-5.55240248162774,0.44835000000000025,0.3756910665693293,1.6800000000000013,0.0,79.0,0.8331187849542044,0.02,0.055596351623535156,1.4422485828399658,0.008125326,0.019237664,1380.0417159735566,79.0,0.44834999999999986,40000,4.093739032745361,0.121072139171979,0.10163851557885713,1255.8649617815265,88.0,0.24719999999999998
115,13.165635347366333,2020.1429229304165,1105.0407784870952,3960.661249593794,-11.739231108200169,0.4162000000000002,0.36185295355986835,1.8400000000000014,0.0,84.5,0.8367084072601638,0.02,0.0573115348815918,1.4501516819000244,0.008153927,0.019140018,1444.0518366692427,84.5,0.41620000000000007,40000,3.9927124977111816,0.10085547596549643,0.08665521557026157,1471.0211284915501,92.0,0.24359999999999998
116,13.16156816482544,1956.1497197211872,1171.1414357901053,3941.720501122259,-4.699494743168439,0.4198500000000002,0.3421863198609789,1.7800000000000014,0.0,81.5,0.8911052315254813,0.02,0.056246280670166016,1.461653709411621,0.0081156595,0.017983109,1495.2616249744374,81.5,0.41985,40000,3.2272770404815674,0.11466256266261479,0.10099521968746453,1375.2601682145216,84.0,0.2268
117,13.165342807769775,1943.8377697241322,1153.901767078828,4246.133665680575,-14.488687572508988,0.4351500000000002,0.3473988737748011,1.7800000000000014,0.0,81.5,0.8592639327176834,0.02,0.05643939971923828,1.428863525390625,0.008132147,0.018381337,1540.119239449407,81.5,0.4351500000000001,40000,3.0511841773986816,0.10939312781108154,0.09104494612121092,1495.348329861775,84.0,0.2224
118,12.663520336151123,1929.769077607043,1186.0650926700437,4097.6920082675815,-9.66063906794868,0.45175000000000026,0.3766409928565931,1.8700000000000014,0.0,80.0,0.8146574658887783,0.02,0.05595993995666504,1.454545021057129,0.008160834,0.019656388,1579.0842232651705,80.0,0.45175000000000026,40000,4.006838321685791,0.11813965985915052,0.1031544010770909,1588.1651623243433,88.0,0.24480000000000005
119,13.167214393615723,2114.599093051874,1132.6075411011216,4183.30802347465,-4.6674901178783115,0.39715000000000017,0.3231011877105997,1.5800000000000012,0.0,85.5,0.8454280818800188,0.02,0.0555269718170166,1.4375951290130615,0.008187355,0.019085849,1632.635710243841,85.5,0.39715000000000006,40000,3.090939998626709,0.09668476275059198,0.08256474385917054,1889.8550866562116,92.0,0.23120000000000004
120,13.367395162582397,2153.135514893878,1164.8015026309993,4147.9256483833915,-14.476094458356021,0.4021500000000002,0.340923565480593,1.8400000000000014,0.0,85.0,0.8461611201589158,0.02,0.05420088768005371,1.4531989097595215,0.008133482,0.018984968,1684.685690708845,85.0,0.40214999999999973,40000,3.229966878890991,0.10300342917590732,0.08448599840224705,1778.8658090694728,96.0,0.2396000000000001
121,13.37269926071167,2293.8554263348046,1129.9915895340987,4314.7400612666725,-12.33013927824859,0.36495000000000016,0.303494641633094,1.8900000000000015,0.0,90.0,0.8810102709233244,0.02,0.057016849517822266,1.4357454776763916,0.008101901,0.018234909,1745.602664271441,90.0,0.3649499999999999,40000,3.525937557220459,0.09886497720166812,0.08196317423867636,1967.813372862755,92.0,0.2268
122,13.06656289100647,2315.3443412871397,1192.4608294523155,4317.208866466242,-17.76694539395575,0.3970500000000001,0.348015513303646,1.9400000000000015,0.0,86.0,0.8680508650800546,0.02,0.05751848220825195,1.439589500427246,0.008146963,0.018617453,1802.576831973011,86.0,0.3970500000000002,40000,3.300358772277832,0.09543600032011222,0.0791936420167157,1927.984122880173,92.0,0.23600000000000004
123,13.56528639793396,2378.9754592720697,1080.1893949815535,4350.33289279787,-4.481402919477784,0.3574500000000002,0.28081666172077485,1.5100000000000011,0.0,90.5,0.8643061538601076,0.02,0.05460000038146973,1.428856611251831,0.008102166,0.018497448,1860.2166947029168,90.5,0.3574500000000001,40000,3.117011070251465,0.07636477680417929,0.06466568517000129,1872.558380415128,96.0,0.2456
124,13.592046737670898,2303.8241165405843,1183.2850820088468,4054.4957105697627,-10.409769578532902,0.3652000000000002,0.2853558480213786,1.6500000000000012,0.0,86.0,0.8454138393217276,0.02,0.05593419075012207,1.4369785785675049,0.008154808,0.019167019,1904.5774368866835,86.0,0.36519999999999997,40000,3.178201913833618,0.0929956144557143,0.08018571882455713,1889.390211752168,96.0,0.20799999999999993
125,13.36408281326294,2360.767044827845,1253.3445742103822,4354.2243676159105,-3.44635467569432,0.37750000000000017,0.31870009413239925,1.5900000000000012,0.0,85.0,0.9379496226322294,0.02,0.05468273162841797,1.4805035591125488,0.0099791065,0.02094499,1950.1963976807997,85.0,0.37750000000000006,40000,4.004600763320923,0.08659728860984162,0.07363288001817075,1703.3271690274303,96.0,0.2144
126,13.49366044998169,2593.812744936058,1138.0792650074309,4229.064677663802,-5.413139343725317,0.33800000000000013,0.26641884317743014,1.490000000000001,0.0,90.5,0.949316204473719,0.02,0.05625271797180176,1.4513659477233887,0.009943926,0.020726373,2014.5580324063255,90.5,0.33799999999999997,40000,4.224079132080078,0.07672507988712246,0.06010292401662096,1539.406853561661,92.0,0.2072
127,13.26571798324585,2346.5147084184155,1223.59544359634,4294.512256515267,-7.114177436439217,0.3786500000000002,0.3253116621026676,1.6000000000000012,0.0,85.5,0.8299370915309326,0.02,0.05627894401550293,1.439476728439331,0.008116757,0.019144816,2047.7537000075345,85.5,0.37865000000000015,40000,3.9775447845458984,0.08222326628861312,0.07066360876792938,1782.1411781555996,96.0,0.2036
128,15.172237396240234,2437.0806196502267,1242.2220266776678,4451.493594640075,-16.857450230813452,0.40480000000000016,0.33939793753056335,1.7300000000000013,0.0,85.0,0.8477969058732365,0.02,0.056436777114868164,1.4605827331542969,0.008115564,0.018812671,2086.686391971804,85.0,0.40480000000000016,40000,3.7851648330688477,0.07835192761633701,0.06656858512868304,1800.5972688481272,96.0,0.19079999999999997
129,13.164125442504883,2543.701028438799,1198.4286406049773,4358.608562128883,-17.428152179472118,0.3759000000000002,0.3233932435905243,1.8200000000000014,0.0,87.5,0.9416995174764342,0.02,0.05525565147399902,1.4514713287353516,0.009982257,0.020764172,2132.3878556185036,87.5,0.37589999999999996,40000,4.443883419036865,0.07658804506088111,0.06162530407753268,1603.9048768628286,96.0,0.19
130,13.267707586288452,2616.387808938752,1192.5058338914546,4479.467279401816,-5.1079295794363775,0.33465000000000017,0.2960285079177344,1.6800000000000013,0.0,88.0,0.864801849279778,0.02,0.05607461929321289,1.4292752742767334,0.008151428,0.01843891,2180.7878509505285,88.0,0.3346499999999999,40000,4.292657852172852,0.06743169150628307,0.0574895420456981,1600.4353105772648,100.0,0.1928
131,13.863415956497192,2574.0956564825215,1245.653701326567,4561.557294558067,-17.91033098440073,0.36255000000000015,0.35360712309001946,1.8400000000000014,0.0,86.0,0.8418872896135224,0.02,0.054965972900390625,1.4092562198638916,0.008137172,0.01895704,2220.118631503728,86.0,0.3625499999999999,40000,4.679398775100708,0.07835027259723701,0.06221568085330018,1826.9728203781037,96.0,0.1816
132,13.962064266204834,2733.9847449793765,1067.7085951289928,4299.430121331049,-16.797563813505242,0.31980000000000014,0.28735511131699076,1.9000000000000015,0.0,93.5,0.8750189196676554,0.02,0.05487203598022461,1.414785385131836,0.0081325285,0.018269341,2271.5052428512927,93.5,0.31980000000000014,40000,4.947845697402954,0.058457197905089874,0.04939366858559152,1796.0209260280285,100.0,0.17920000000000003
133,13.36109709739685,2765.691150761905,1205.6735121507836,4396.893073456949,-1.5089361645068464,0.3219500000000001,0.26092278072257336,1.440000000000001,0.0,89.0,0.8315329584169149,0.02,0.05624890327453613,1.4359009265899658,0.008123877,0.018994628,2320.923833642354,89.0,0.32195000000000007,40000,4.367204904556274,0.06595904015544532,0.053371596198001865,1976.2952594064107,100.0,0.184
134,13.563688039779663,2804.2916813104844,1088.107898258217,4264.536061192132,-13.11991241885475,0.3141000000000001,0.24870904688008455,1.6800000000000013,0.0,92.0,0.801712500058644,0.02,0.054579734802246094,1.4396684169769287,0.0081620645,0.02005642,2369.260618409167,92.0,0.3140999999999999,40000,4.825284242630005,0.06282309718580804,0.050678221947399946,1869.0711310721047,96.0,0.18359999999999999
135,14.162503480911255,2778.800421533409,1243.25295212504,4561.347679633668,-10.15949634547213,0.3385500000000002,0.29398366876410015,1.7000000000000013,0.0,87.5,0.8482035654212847,0.02,0.055750131607055664,1.4048187732696533,0.008143954,0.018693956,2410.2145987215913,87.5,0.33855000000000013,40000,4.8751912117004395,0.06654234287278601,0.05621402914239469,2188.622188209269,96.0,0.1812
136,14.066269397735596,2868.724329487126,1138.5358766107402,4664.821597868977,-13.537076389565405,0.3192500000000001,0.3005710190620515,1.7200000000000013,0.0,90.5,0.8357299818126637,0.02,0.05564427375793457,1.4397454261779785,0.008152402,0.019229012,2456.065571798145,90.5,0.31925000000000003,40000,4.284895896911621,0.056372616335560184,0.045355350995620665,2373.752157874197,100.0,0.17800000000000005
137,13.964201927185059,2878.826371418558,1171.7540046222935,4597.725337581736,-13.127191560684636,0.31730000000000014,0.2709035068063906,1.5700000000000012,0.0,91.0,0.9230796096113388,0.02,0.05566596984863281,1.4073741436004639,0.009996792,0.021521274,2498.3416517601863,91.0,0.3173000000000001,40000,3.8294076919555664,0.05580470171018137,0.047895288236904025,2271.770491603911,92.0,0.17600000000000002
138,13.963395357131958,3044.0754057754716,992.9614487351405,4449.713387791501,-16.37216002373021,0.2784500000000001,0.2396207367904541,1.7500000000000013,0.0,95.5,0.8411239291850343,0.02,0.056066274642944336,1.4323415756225586,0.008106158,0.01905619,2552.915027161715,95.5,0.27845,40000,3.479126214981079,0.049938493658749424,0.038276795802999225,2559.172868635302,100.0,0.17960000000000004
139,14.266236305236816,3154.681531587568,1071.2608191796674,4511.629923432105,-4.1795391476708375,0.2882500000000001,0.22516313530416135,1.5700000000000012,0.0,93.0,0.96390196328741,0.02,0.05608820915222168,1.4870095252990723,0.009992939,0.020474475,2613.0916776043,93.0,0.28825,40000,3.610346555709839,0.04144836625474162,0.03447273543085078,2217.8917153667717,92.0,0.18120000000000006
140,13.663132667541504,2921.327054047103,1188.1959585330649,4644.324549256378,-5.848990193415569,0.31015000000000015,0.25823337797426593,1.410000000000001,0.0,91.5,0.9144319134191526,0.02,0.05524635314941406,1.4527738094329834,0.009967113,0.021747345,2643.9152152485804,91.5,0.3101499999999999,40000,3.6300723552703857,0.056013046824053,0.04568862564156404,2525.1836726105357,100.0,0.1776
141,15.367657899856567,3069.2653487723896,1101.8905312315094,4507.711460500136,-10.203297568531337,0.29345000000000016,0.26161918412073704,1.5600000000000012,0.0,93.5,0.9516770462491132,0.02,0.05431628227233887,1.4392666816711426,0.009997078,0.020730518,2686.450228600961,93.5,0.2934499999999999,40000,3.6356513500213623,0.04247721402905289,0.03370855355333519,2858.6839869582473,100.0,0.17200000000000004
142,13.668262958526611,3029.9551988892267,1135.2592767451447,4672.542262159868,-16.182671462651243,0.3046000000000001,0.2875844919323713,1.8100000000000014,0.0,93.0,0.8281192600263625,0.02,0.05343461036682129,1.393406867980957,0.008109752,0.019240435,2720.800725629788,93.0,0.3045999999999999,40000,3.8280227184295654,0.04777156165413242,0.04140107170734886,2793.057682762049,100.0,0.1732
143,13.768803834915161,2974.6532835498692,1173.6564131223274,4579.501641036912,-11.730173400409548,0.30415000000000014,0.2780508541616086,1.8500000000000014,0.0,92.0,0.8649677667574214,0.02,0.05632972717285156,1.4077720642089844,0.008102525,0.018397635,2746.185981421796,92.0,0.30414999999999986,40000,3.759049654006958,0.05202504409106207,0.04476093357191854,2902.2658613742183,100.0,0.17560000000000003
144,13.662814855575562,3116.227866591638,1078.8369256562398,4518.729072249023,19.299026825134266,0.2797500000000001,0.2367919709365165,1.400000000000001,0.0,93.5,0.7958852467195547,0.02,0.055265188217163086,1.4130909442901611,0.008136627,0.020178068,2783.1901699387804,93.5,0.2797499999999999,40000,3.609067440032959,0.051353960940730546,0.041993287627270115,2907.532216672528,100.0,0.17680000000000004
145,13.965491533279419,3119.9521084758762,1058.8509122547398,4488.440577675093,-10.396493509330549,0.28665000000000007,0.2742923212559916,1.7400000000000013,0.0,95.0,0.8256769609185877,0.02,0.057035207748413086,1.4299945831298828,0.008111585,0.01909527,2816.86636379249,95.0,0.28665000000000007,40000,3.6617183685302734,0.0451866266716164,0.035400219362420285,2857.2374792220503,100.0,0.17800000000000002
146,13.967559099197388,3141.146629684769,1130.570977532663,4522.50313612475,-12.875118373315704,0.2930500000000001,0.2532058401775127,1.6100000000000012,0.0,92.5,0.8579986952896747,0.02,0.055512189865112305,1.4370670318603516,0.008129814,0.018412033,2849.294390381718,92.5,0.2930499999999998,40000,2.9727578163146973,0.04177779664303337,0.032675122610370415,3157.4718912033927,100.0,0.18
147,14.468291282653809,3158.525543015997,1089.5923465025046,4461.651524164632,-15.519550546774855,0.2736500000000001,0.2303891870292529,1.7600000000000013,0.0,94.0,0.785935417750869,0.02,0.054715871810913086,1.3928196430206299,0.008126532,0.020324863,2880.217505645146,94.0,0.27365000000000017,40000,2.9290573596954346,0.04278575128607569,0.035210494311287525,3296.53908156878,100.0,0.1816
148,13.56798505783081,3172.3436364318827,1132.1908235998437,4692.654120021207,6.9268786812819005,0.2890500000000001,0.24730466534216472,1.380000000000001,0.0,93.5,0.8766461186848861,0.02,0.055515289306640625,1.419424295425415,0.009916402,0.022173148,2909.4301187238198,93.5,0.28905000000000003,40000,3.3145713806152344,0.04743494834825139,0.03673663495161693,3386.685262803343,100.0,0.18400000000000002
149,13.467034816741943,3170.892639035819,1064.8930909268183,4463.526273423155,17.531541778876413,0.2907500000000001,0.21449927156053486,1.480000000000001,0.0,94.0,0.8610974186277532,0.02,0.05633854866027832,1.4285168647766113,0.00815024,0.018643206,2935.57637075502,94.0,0.29075,40000,3.351102828979492,0.04344939696097659,0.03696772816665571,3162.6810275670664,100.0,0.1856
150,13.768105506896973,3198.644048524343,1101.8248178404353,4623.663769264523,-20.750420114506287,0.3113500000000002,0.27043054098973385,1.8800000000000014,0.0,93.0,0.855621059432388,0.02,0.0560762882232666,1.440242052078247,0.009998632,0.022498515,2961.883138531952,93.0,0.31135000000000007,40000,3.246671438217163,0.039851559045799116,0.03271854882289559,3223.427241804902,100.0,0.18920000000000006
151,13.865108251571655,3153.2273504153814,1103.0314900937442,4653.227945113896,-14.337751743064985,0.31130000000000013,0.2858414070774214,1.6100000000000012,0.0,93.0,0.8466737848726714,0.02,0.05401182174682617,1.4429187774658203,0.008139549,0.01887495,2981.017559720295,93.0,0.31129999999999997,40000,3.5237488746643066,0.0434781096470112,0.034574226725776834,3367.360382229666,100.0,0.19000000000000003
152,13.968468189239502,3152.09503113163,1161.324042688964,4572.651961296268,0.02088509230732668,0.31075000000000014,0.25940689562924135,1.440000000000001,0.0,91.5,0.8080361282304931,0.02,0.0547490119934082,1.4328088760375977,0.008143373,0.019725993,2998.1253068614287,91.5,0.31074999999999997,40000,3.8524010181427,0.044166771516951614,0.03519173631402616,3213.1359263231293,100.0,0.1904
153,13.97056794166565,3329.797132342515,953.0591737096057,4542.637056370721,-3.9393099774888207,0.27440000000000014,0.20291781587628047,1.5400000000000011,0.0,95.5,0.8585971181121207,0.02,0.0546727180480957,1.4051978588104248,0.00811686,0.018585153,3031.292489409537,95.5,0.2744000000000001,40000,3.9485177993774414,0.035369598277018556,0.028084344845291053,3175.419455288899,100.0,0.18720000000000003
154,14.069047451019287,3397.354172071744,877.0264862852118,4529.863501853199,-2.473139474760505,0.2531000000000001,0.16251273796229032,1.490000000000001,0.0,98.5,0.814314753549042,0.02,0.06323361396789551,1.4188733100891113,0.008127315,0.01964351,3067.898657675758,98.5,0.2531,40000,4.227898359298706,0.02635126827757695,0.020909331490628572,3298.505264434145,100.0,0.1824
155,15.371863603591919,3347.923136707054,953.393970266746,4691.747473760871,-12.196536301134419,0.25970000000000004,0.18832129460047808,1.450000000000001,0.0,95.5,0.8359252176884867,0.02,0.05640697479248047,1.4546864032745361,0.008153411,0.01869092,3095.901105578888,95.5,0.2597,40000,4.389888525009155,0.03143165000645233,0.02658649558079649,3367.429280340279,100.0,0.18520000000000003
156,14.164358854293823,3289.0320780308703,1084.6544870512605,4713.888704671495,-6.144270189261875,0.28500000000000014,0.25674500968860153,1.490000000000001,0.0,93.5,0.8009732245721994,0.02,0.05610084533691406,1.4212841987609863,0.008154401,0.019756166,3115.214202824086,93.5,0.2850000000000001,40000,4.130681991577148,0.03652273088329494,0.0272118689579912,3452.792167688443,100.0,0.18520000000000003
157,14.267594337463379,3417.6621090553176,918.4770149710264,4684.106038268318,-4.128209692910629,0.25440000000000007,0.17498468504414905,1.390000000000001,0.0,97.0,0.8042980497198107,0.02,0.05480694770812988,1.416121482849121,0.008117344,0.019646972,3145.458993447209,97.0,0.2544000000000002,40000,4.233057022094727,0.027169892882274657,0.022775521056941344,3474.375439111891,100.0,0.18439999999999998
158,13.5685715675354,3465.2163178125616,936.384897399515,4571.617129317424,4.443831514254962,0.2592500000000001,0.19157227748293867,1.2400000000000009,0.0,96.0,0.8288876013732561,0.02,0.056334495544433594,1.4755430221557617,0.00815309,0.019079544,3177.4347258837442,96.0,0.2592500000000001,40000,3.7169291973114014,0.028553575002280868,0.021852553688677775,3271.400290651445,100.0,0.18279999999999996
159,13.76577091217041,3389.774001115627,1087.212902885791,4714.682834080594,-11.108734216391213,0.2815000000000001,0.2561459544868903,1.6200000000000012,0.0,95.0,0.8201889999661535,0.02,0.05710172653198242,1.4474847316741943,0.008137932,0.01929156,3198.668653406932,95.0,0.2815000000000001,40000,2.9327893257141113,0.033707953100250335,0.02793910367063587,3511.0044798001204,100.0,0.18239999999999998
160,15.266753911972046,3421.7840111006576,1036.8585548275114,4648.322245936098,-12.526597954613889,0.28150000000000014,0.27685330050407586,1.6400000000000012,0.0,94.5,0.9087020838281086,0.02,0.05475878715515137,1.4192116260528564,0.009951764,0.021360796,3220.980189176305,94.5,0.2815,40000,3.5230867862701416,0.028974763960334462,0.022582844008496285,3450.4922850590056,100.0,0.1848
161,13.764366149902344,3390.7491473353084,943.5882987363153,4523.314409735013,-3.4655834103117584,0.26155000000000006,0.1641100164523788,1.350000000000001,0.0,97.0,0.7847891919585492,0.02,0.05471038818359375,1.4230656623840332,0.008103855,0.020278472,3237.9570849922056,97.0,0.26154999999999995,40000,3.7885050773620605,0.02968189199480561,0.0266702869132505,3386.687592659676,100.0,0.18599999999999997
162,13.369442224502563,3399.555335350869,1179.3551552572158,4724.386005685606,-7.4822522846284105,0.2888000000000001,0.2565337404709176,1.430000000000001,0.0,92.0,0.7993204895739675,0.02,0.056308746337890625,1.4365019798278809,0.008156112,0.019511534,3254.116910028072,92.0,0.2887999999999999,40000,2.4318735599517822,0.041011109526758266,0.0323359489516791,3201.384249877648,100.0,0.1888
163,14.070020914077759,3555.2816118529486,822.7214458734976,4561.808956432956,-12.264751249428413,0.24895000000000012,0.1892178572439717,1.6000000000000012,0.0,98.0,0.8390158313687907,0.02,0.05651402473449707,1.4541423320770264,0.008121248,0.019256169,3284.23338021056,98.0,0.24895000000000003,40000,3.161921262741089,0.026058938757751216,0.01735760652573295,3380.4747523268593,100.0,0.188
164,13.96797800064087,3553.9425041982495,911.720214812362,4664.588240065421,-3.147619601245512,0.25045000000000006,0.2037971969875937,1.370000000000001,0.0,95.5,0.8029830879041833,0.02,0.0553286075592041,1.4782845973968506,0.008120202,0.019489134,3311.204292609329,95.5,0.25045,40000,3.4257266521453857,0.023048678242364038,0.01838303473920631,3183.62578774619,100.0,0.18639999999999998
165,13.86905550956726,3432.173768518915,1114.2154112472028,4591.456337646568,-2.9797756337296595,0.2770000000000001,0.2369894512420333,1.430000000000001,0.0,94.0,0.8191263704217409,0.02,0.05572342872619629,1.4588561058044434,0.008116985,0.019217765,3323.301240200288,94.0,0.2769999999999999,40000,2.778409719467163,0.03452817371620905,0.026830148723834744,3226.139775740906,100.0,0.18479999999999996
166,13.7673921585083,3626.6320253700915,811.3210463459701,4592.793947974738,-4.4443258950848445,0.23865000000000006,0.15349487776469947,1.320000000000001,0.0,98.5,0.840559553213767,0.02,0.056585073471069336,1.4535186290740967,0.009972681,0.022907313,3353.6343187172683,98.5,0.23864999999999992,40000,3.2146151065826416,0.024892826524226613,0.018528658920048142,3336.945093900627,100.0,0.18519999999999995
167,14.463159799575806,3590.612442360124,843.4267599331583,4650.401809138124,2.3791452568357716,0.24665000000000006,0.17747472355239788,1.360000000000001,0.0,97.5,0.8677857158820237,0.02,0.055155038833618164,1.4312384128570557,0.009990142,0.022163307,3377.332131081554,97.5,0.24665000000000004,40000,3.3421857357025146,0.019901637783673487,0.015549735028708113,3692.3549135285193,100.0,0.1868
168,14.069323539733887,3545.8087000199976,990.9673631597769,4665.055826629614,4.84365795790013,0.25550000000000006,0.1884615345368918,1.270000000000001,0.0,95.5,0.8749167196860369,0.02,0.056194305419921875,1.445056438446045,0.009983699,0.021314848,3394.1797879753985,95.5,0.2555000000000001,40000,3.2699930667877197,0.028071655645092924,0.021492246697135224,3243.576940685116,100.0,0.18479999999999996
169,13.862928867340088,3558.1942949326462,986.952926986858,4662.2326649582,-1.3193313949841339,0.2468500000000001,0.18739684495743267,1.5200000000000011,0.0,96.0,0.7382310389193469,0.02,0.05673408508300781,1.4802703857421875,0.00820692,0.021048917,3410.581238671123,96.0,0.24684999999999999,40000,3.8187897205352783,0.025601343796989372,0.02057958860601129,3302.9011578098043,100.0,0.1816
170,13.968253135681152,3492.690154375398,1051.6210880512042,4697.014563152012,-5.5852639399954995,0.25315000000000004,0.21950302389716655,1.440000000000001,0.0,95.0,0.7977152948634135,0.02,0.05714106559753418,1.421647548675537,0.008135327,0.019788453,3418.7921302415507,95.0,0.25315,40000,3.385547161102295,0.031034250954190785,0.025137163126739144,3472.6032982979827,100.0,0.1812
171,14.973559379577637,3486.5387768673013,939.7809428829396,4654.504667248732,0.8534170451702717,0.24485000000000007,0.17018512714100503,1.300000000000001,0.0,96.5,0.8601294166711808,0.02,0.055418968200683594,1.436633586883545,0.008193356,0.018694831,3425.566794904126,96.5,0.24484999999999998,40000,3.0502848625183105,0.027352619852069264,0.02138564588116483,3322.900974274241,100.0,0.182
172,14.067074060440063,3693.2016109972697,917.3800624806015,4686.552007460796,-3.41206121851113,0.2351000000000001,0.18932244980455976,1.350000000000001,0.0,96.5,0.9587965629602561,0.02,0.054200172424316406,1.416273593902588,0.0099303555,0.02034108,3452.3302765134404,96.5,0.2351,40000,3.6328814029693604,0.0225928348143996,0.019206519375296185,3322.4452176222485,100.0,0.17920000000000005
173,14.261842489242554,3615.7840176027007,873.6433682282059,4604.339636874455,-14.333920425584342,0.24555000000000007,0.183901325443837,1.6100000000000012,0.0,97.5,0.8312866175899697,0.02,0.05579423904418945,1.4430351257324219,0.00810834,0.01896965,3468.6756506223664,97.5,0.2455500000000001,40000,3.765653371810913,0.021199143596059438,0.018075441573100964,2944.1820177548325,100.0,0.17600000000000002
174,13.867167711257935,3554.5164409956838,1112.3293474035643,4737.021244913893,-6.829563377499514,0.2637500000000001,0.24181901806929926,1.6100000000000012,0.0,95.0,0.8053104535304261,0.02,0.05390453338623047,1.410118579864502,0.008125697,0.01931689,3477.259729659698,95.0,0.26375000000000015,40000,3.9865305423736572,0.034718187547810024,0.027610698136932024,2886.7269368994935,100.0,0.17800000000000005
175,14.065126419067383,3556.36365919928,961.8033717101064,4580.476487314168,-13.53578620140496,0.26065000000000005,0.2366581447996246,1.6800000000000013,0.0,96.0,0.9078599212550067,0.02,0.05581855773925781,1.438736915588379,0.009875195,0.021827385,3485.1701226136565,96.0,0.26065000000000005,40000,3.7933602333068848,0.02631730783851807,0.021462324055306597,3215.6902584671557,100.0,0.17880000000000001
176,13.871943950653076,3555.2460187594675,1063.4757409783622,4839.615624134346,-1.788003721627658,0.24510000000000004,0.1763660681650528,1.450000000000001,0.0,97.5,0.8081809035705848,0.02,0.056900978088378906,1.4651308059692383,0.00810481,0.019263087,3492.177712228238,97.5,0.24509999999999996,40000,3.967991590499878,0.03198161114483144,0.024192710288312713,3361.15024150941,100.0,0.1784
177,13.967045783996582,3649.9815464509156,904.2082115127301,4800.744922425009,-4.405580194495441,0.24700000000000005,0.19098429254784294,1.450000000000001,0.0,98.5,0.9311969403673882,0.02,0.0564875602722168,1.4391777515411377,0.009937856,0.02106461,3507.958095650506,98.5,0.24699999999999991,40000,2.874530076980591,0.023989974116048193,0.018601049293791635,3246.3706110073376,100.0,0.17520000000000002
178,13.766334056854248,3646.9196767610306,865.618927436,4726.661031041308,13.670964606712625,0.23400000000000007,0.17091225819115505,1.340000000000001,0.0,97.5,0.8726865640718323,0.02,0.05500984191894531,1.4446852207183838,0.008123083,0.018054413,3521.8542537615585,97.5,0.23399999999999976,40000,3.670262575149536,0.020067997324632846,0.0159288536929719,3172.7999267830805,100.0,0.17440000000000005
179,14.26523470878601,3725.180214060623,829.821996010282,4663.12032843972,-1.965281277414413,0.2256000000000001,0.18668593948125833,1.440000000000001,0.0,97.5,0.8432721971191136,0.02,0.053319454193115234,1.4376568794250488,0.00814474,0.018573623,3542.186849791465,97.5,0.2256000000000002,40000,3.68294620513916,0.018926762200843765,0.01416108491419465,3217.2337360474958,100.0,0.17520000000000002
180,15.772333145141602,3648.796192559801,940.5342355732724,4755.222013146868,-9.149583450046633,0.23705000000000007,0.19722017518499482,1.5800000000000012,0.0,97.0,0.725372809864071,0.02,0.059107303619384766,1.420055627822876,0.008214054,0.020304812,3552.847784068299,97.0,0.2370500000000001,40000,3.6067240238189697,0.0226116736363004,0.0181646587075313,3103.8986081053763,96.0,0.1736
181,14.267057657241821,3731.0902961474767,896.282767122422,4683.754109174751,1.2258846123115814,0.24305000000000007,0.1996051038926612,1.440000000000001,0.0,96.5,0.8056430602107042,0.02,0.05331897735595703,1.4360010623931885,0.00813413,0.019616447,3570.672035276217,96.5,0.24304999999999988,40000,3.683683395385742,0.017133177485938372,0.014148261364060602,3044.2962405818384,100.0,0.1748
182,14.164949893951416,3828.70614509314,693.5770200211856,4662.8996090448045,39.659117933511325,0.22095000000000006,0.1131618199747601,0.9800000000000006,0.0,99.5,0.796613271501777,0.02,0.05646371841430664,1.433694839477539,0.008167123,0.019726764,3596.4754462579094,99.5,0.22094999999999987,40000,3.98004150390625,0.01649599688199319,0.012425814286949763,2911.970040166899,96.0,0.17480000000000004
183,13.666993856430054,3654.2951815318606,1013.9675440442173,4749.5460543326935,14.232331817802274,0.2439000000000001,0.19849632238406853,1.460000000000001,0.0,96.0,0.7948513418662377,0.02,0.05720853805541992,1.4211158752441406,0.00811463,0.019593231,3602.2574197853046,96.0,0.24390000000000003,40000,3.683978796005249,0.030298170087451556,0.021187231571962357,3144.4177391122794,96.0,0.17639999999999997
184,14.264533042907715,3774.259204353357,759.3129258359752,4816.671710833769,15.764056919696767,0.22725000000000006,0.13352129979894603,1.320000000000001,0.0,99.0,0.9327233213846374,0.02,0.05642390251159668,1.4093120098114014,0.00998964,0.020973463,3619.4575982421097,99.0,0.22725000000000006,40000,3.969536542892456,0.01814461795693173,0.01429653651249318,3355.969131510216,100.0,0.17400000000000002
185,13.77540898323059,3595.4276984308635,1003.0052950088432,4686.801534373519,-4.930638601190663,0.2499500000000001,0.17151238293487744,1.410000000000001,0.0,97.5,0.8262418429896029,0.02,0.05369281768798828,1.388761043548584,0.008118735,0.018969381,3617.054608260985,97.5,0.24995000000000014,40000,3.9151084423065186,0.02669147331901048,0.021033645031447817,3483.710073336533,100.0,0.1736
186,14.268585920333862,3714.8691958883987,1042.8081907327671,4705.064070521344,-0.8374241828100234,0.2466000000000001,0.22776839113450328,1.5200000000000011,0.0,94.5,0.7732307175284624,0.02,0.053269147872924805,1.4169361591339111,0.008136475,0.020103903,3626.8360670237266,94.5,0.24659999999999996,40000,4.249133586883545,0.0217673959710793,0.01780562120750463,3305.053276536943,100.0,0.17360000000000003
187,13.9614896774292,3825.1865102209326,768.6894992226928,4798.788282081919,-8.330104044664772,0.22315000000000004,0.1738636750445591,1.390000000000001,0.0,98.0,0.7947347915019625,0.02,0.05547738075256348,1.449625015258789,0.008151285,0.020020407,3646.671111343447,98.0,0.22314999999999993,40000,4.269327402114868,0.014565997784250087,0.011501315835714874,3445.578649940716,100.0,0.17400000000000002
188,14.265006303787231,3761.9397210819693,818.9580875934839,4790.945072282018,-10.049067031172717,0.2346000000000001,0.16872711696701284,1.6000000000000012,0.0,97.0,0.9549120485206332,0.02,0.05656099319458008,1.461364984512329,0.0099388,0.020334035,3658.197972317299,97.0,0.23459999999999998,40000,4.144301414489746,0.015597833698864411,0.012862700131898507,3487.2435025259415,100.0,0.174
189,13.86883282661438,3721.7401731531827,886.6254091340052,4789.163452618763,20.207206759682393,0.23575000000000007,0.19221716234509353,1.500000000000001,0.0,96.5,0.7734522555565131,0.02,0.057327985763549805,1.4647200107574463,0.0081464695,0.020488724,3664.5521924008876,96.5,0.23574999999999996,40000,4.015509605407715,0.01916060865826467,0.014951985580931717,3513.037406381158,96.0,0.17120000000000002
190,13.77260971069336,3697.911172857017,928.3291734665356,4663.88025453895,-3.004116896867431,0.22370000000000004,0.1808820333808752,1.290000000000001,0.0,97.5,0.8849268904698088,0.02,0.05567145347595215,1.4145054817199707,0.008115605,0.017834527,3667.8880904465004,97.5,0.22370000000000012,40000,3.304027795791626,0.022986844620733173,0.018867213747677476,3535.595613613247,96.0,0.168
191,14.66536808013916,3789.414593543005,782.6277377210708,4786.294664736443,-4.282005971885914,0.21750000000000008,0.20471870945275147,1.8000000000000014,0.0,97.5,0.8441352259079982,0.02,0.055538177490234375,1.4140818119049072,0.008108424,0.018918969,3680.040740756151,97.5,0.21749999999999992,40000,3.199294328689575,0.013441084646860302,0.010715615049901045,3582.9227541766404,100.0,0.16399999999999998
192,14.368013858795166,3794.6813703766584,904.2341442826363,4776.527173473311,80.3041378426247,0.21065000000000006,0.16050569304544943,1.380000000000001,0.0,96.5,0.798070659240918,0.02,0.05560493469238281,1.413501501083374,0.008144089,0.018777438,3691.5048037182023,96.5,0.21064999999999995,40000,3.4741430282592773,0.020917845909339313,0.01613012153106802,3734.634087601897,100.0,0.1604
193,14.567028045654297,3847.3086885678563,779.3387718238941,4651.822750191698,21.573119928448214,0.19740000000000002,0.13040030674810554,1.300000000000001,0.0,98.5,0.9159330156073148,0.02,0.056360483169555664,1.463416337966919,0.009962421,0.021188729,3707.0851922031675,98.5,0.1974,40000,4.380648374557495,0.017436633205955034,0.014501983736537442,3756.488443730515,100.0,0.15439999999999998
194,14.569969654083252,3884.661228337648,723.8772037782032,4820.595578817157,-5.055154967529065,0.19645000000000004,0.1485661384703797,1.5100000000000011,0.0,99.0,0.8256714920434879,0.02,0.054682016372680664,1.4292936325073242,0.008142344,0.019205745,3724.8427958166158,99.0,0.19645000000000004,40000,4.124160528182983,0.01134100887274676,0.008568415898685944,3593.944283836421,96.0,0.1556
195,14.261712789535522,3819.1744094813457,862.9170341843488,4755.456690336884,3.9194682031607244,0.21525000000000005,0.1720637599844896,1.5200000000000011,0.0,97.0,0.9056836518626266,0.02,0.05372762680053711,1.3930175304412842,0.009940343,0.021445988,3734.275957183089,97.0,0.21524999999999994,40000,4.251037120819092,0.016385995971224546,0.013052840166895365,3570.4035345593506,100.0,0.15600000000000003
196,15.37065577507019,3764.0557074588874,876.0071526873372,4808.657703311844,18.82276389985189,0.20305000000000004,0.15869214693865616,1.1300000000000008,0.0,97.5,0.7517299388608958,0.02,0.05865597724914551,1.4565460681915283,0.008141116,0.020616155,3737.2539322106686,97.5,0.2030499999999999,40000,3.8840134143829346,0.01745273301972967,0.014744843666976475,3592.210237713755,96.0,0.1544
197,14.471315145492554,3817.059120456659,880.7485780544885,4932.994476970549,18.25769273336901,0.22245000000000004,0.20123990036769562,1.430000000000001,0.0,96.5,0.8519031804167847,0.02,0.05585885047912598,1.456928014755249,0.008111594,0.018579714,3745.2344510352677,96.5,0.22245,40000,3.893000841140747,0.0183659867374309,0.015568027279982808,3538.650896240078,96.0,0.15560000000000002
198,14.700820922851562,3844.2067101520206,862.9671159990841,4747.569170370146,-3.043353803792626,0.21100000000000005,0.20842984431218112,1.8100000000000014,0.0,98.0,0.8243490532355644,0.02,0.05515336990356445,1.424018383026123,0.008111741,0.019005772,3755.131676946943,98.0,0.21099999999999997,40000,3.5474865436553955,0.017721677628275933,0.012834590571342504,3887.5932980475236,100.0,0.15600000000000003
199,14.569987773895264,3927.00702017984,651.6514671557106,4716.625423150571,25.753538550823844,0.19150000000000003,0.11690487586067579,1.1600000000000008,0.0,99.0,0.9601660098483075,0.02,0.054289817810058594,1.4458796977996826,0.009976358,0.02009875,3772.3192112702327,99.0,0.19150000000000003,40000,3.0842525959014893,0.012404932612002937,0.009650883820625343,3545.8244955302043,96.0,0.15239999999999998
200,14.365908145904541,3865.301167850071,830.6939107510253,4805.717275251305,-2.9322958638691277,0.19955000000000006,0.16493725322073252,1.370000000000001,0.0,98.5,0.8581058875133087,0.02,0.05410003662109375,1.3982410430908203,0.0099979555,0.02218233,3781.6174069282165,98.5,0.19955000000000006,40000,3.193967819213867,0.017058605257816162,0.01382554136925122,3627.1549739067873,96.0,0.15280000000000002
