iteration,time_sampling,stoc_pol_mean,stoc_pol_std,stoc_pol_max,stoc_pol_min,cost_mean,cost_std,cost_max,cost_min,rollout_success,step,time_vpg,time_npg,kl_dist,surr_improvement,surr_cost_improvement,running_score,success_rate,average_cost,num_samples,time_VF,VF_error_before,VF_error_after,eval_score,eval_success,eval_avg_cost
0,10.76495099067688,-2.1597585517469557,11.320501297221998,73.59892365629193,-8.255414917930349,1855.4,516.2052305043024,3840,580,0.0,1.0,0.08531856536865234,1.8599467277526855,0.009924541,0.0103994645,-0.020283367,-2.1597585517469557,0.0,1855.4,40000,1.1427631378173828,0.9992773176349077,0.7896938583740187,-4.080395139735192,0.0,1759.2
1,10.155187129974365,-1.1285702524599126,13.978509493466017,82.22366348276243,-8.015446999435298,1685.15,508.17317668290997,3790,200,0.0,1.0,0.08227157592773438,1.8098196983337402,0.009967149,0.007758107,-0.020954784,-2.0566397218182515,0.0,1685.15,40000,7.834282636642456,0.8171381415905328,0.7093273756319587,-3.77122541445652,0.0,1582.4
2,10.582558393478394,-1.3917863391075564,13.887616580202435,134.137849643199,-12.711852092598559,1653.1,453.6798320401735,3250,330,0.0,1.0,0.0786890983581543,1.7799232006072998,0.009977422,0.0052225576,-0.020167448,-1.990154383547182,0.0,1653.1,40000,12.838474750518799,0.831598020676993,0.7536238130741041,-2.9335846073471403,0.0,1460.0
3,10.269170045852661,2.630890099342287,54.06457498902413,722.1511902960503,-7.548384286857355,1541.7,454.1729956745557,2680,360,0.5,1.0,0.08138775825500488,1.8294122219085693,0.009994829,0.004486892,-0.02094734,-1.528049935258235,0.5,1541.7,40000,13.108918190002441,0.9563771324729445,0.8500826606085763,-3.3956765359939207,0.0,1368.0
4,10.314241409301758,-0.22269164929356663,15.536927495953876,88.2449433421854,-8.095056246858332,1411.9,443.12570451283915,2590,160,0.0,1.0,0.08305859565734863,1.7778820991516113,0.009944709,0.0004039934,-0.02049529,-1.3975141066617682,0.0,1411.9,40000,12.89185118675232,1.4208290375852928,0.6820358762298173,-1.0729705262398108,0.0,1118.0
5,10.270634412765503,-2.37141894619801,10.105141048578842,77.3009239210473,-7.240977662620511,1305.65,400.31434835638856,2410,30,0.0,1.0,0.0747230052947998,1.7940433025360107,0.009798198,0.00402756,-0.020993926,-1.4949045906153924,0.0,1305.65,40000,12.959131956100464,0.8138580925190877,0.6963239936693476,-3.0804720308559546,0.0,909.2
6,10.462255001068115,-0.9700247116403891,16.21843294274543,158.00237484948445,-7.284786876439803,1236.3,417.3946693478488,2730,0,0.0,1.0,0.07457828521728516,1.8389770984649658,0.009884284,0.0057685203,-0.02169299,-1.4424166027178922,0.0,1236.3,40000,12.630146503448486,0.8191295753129878,0.7670763334518991,-3.4095729325103914,0.0,668.4
7,10.54999327659607,-1.9631773923052094,10.045937946047868,65.26456930627738,-7.283976358970022,1123.25,388.76334382243397,2490,30,0.0,0.8,0.07823824882507324,1.8553595542907715,0.006429831,0.0037584896,-0.016564382,-1.494492681676624,0.0,1123.25,40000,11.94967246055603,0.802096598372059,0.6499924231634892,-3.4318933962911826,0.0,568.8
8,10.31621766090393,-2.2554553782804723,10.52088909946696,76.90333217478357,-7.193493243106537,1037.3,380.82503856758166,1970,0,0.0,1.0,0.08069062232971191,1.7837183475494385,0.009967452,0.0037311588,-0.019729942,-1.5705889513370088,0.0,1037.3,40000,11.255321741104126,0.6327676801660568,0.5320829174118826,-3.4741236319158144,0.0,508.8
9,10.321048498153687,-3.001646379692287,7.984626984857255,66.643591255984,-7.159714488464739,966.5,367.0882046593162,2600,160,0.0,1.0,0.08266639709472656,1.7995853424072266,0.009971313,0.0048522432,-0.020446412,-1.7136946941725366,0.0,966.5,40000,11.31376576423645,0.8117443340455955,0.6637038593897285,-3.5071552420243757,0.0,452.0
10,10.279026746749878,2.4607011377866668,48.81065041278385,647.6886272957158,-7.2839413762428045,847.35,398.98932003250405,1930,0,0.5,1.0,0.07576370239257812,1.8806283473968506,0.009948905,0.0039750882,-0.02047416,-1.2962551109766163,0.5,847.35,40000,10.251188039779663,0.9432664383528448,0.7232529112089069,-3.3679369198642575,0.0,453.2
11,10.159773349761963,-2.662889203219795,9.072105989298413,66.78313020568922,-7.94164632308684,775.45,360.71706017320554,1920,60,0.0,0.8,0.07640576362609863,1.8524439334869385,0.006400853,0.00024335287,-0.016374279,-1.4329185202009342,0.0,775.45,40000,10.611426830291748,1.676887881809353,0.7015204639727366,-1.9045829093659103,0.0,462.4
12,10.1654212474823,-1.0273164443399636,13.483908467336768,77.65560296423797,-8.358317496265537,754.65,372.2712418385283,1900,50,0.0,1.0,0.07731461524963379,1.7880327701568604,0.0098955035,0.003212692,-0.020637877,-1.3923583126148371,0.0,754.65,40000,10.324598550796509,0.6731352611143087,0.5914224191304553,-3.5622878875772455,0.0,404.4
13,10.138598203659058,-0.2041907498028223,29.685334894224646,389.87614993854135,-7.250595884995378,619.95,334.6826818047208,1700,70,0.0,1.0,0.0793313980102539,1.8054072856903076,0.009949073,0.002455916,-0.021288898,-1.2735415563336356,0.0,619.95,40000,9.519455671310425,0.8823358515847693,0.8137697151988685,-3.399872013746057,0.0,325.6
14,10.05904507637024,-0.9832991085173839,14.041920078564333,89.04071520273268,-8.489004459407806,608.55,366.4851941074837,1880,0,0.0,1.0,0.0792391300201416,1.812542200088501,0.009929669,0.002275673,-0.02054964,-1.2445173115520105,0.0,608.55,40000,10.379330158233643,0.7559689371445454,0.5740063834740485,-3.3499852766366094,0.0,246.0
15,10.157436609268188,-0.5661818231571081,14.46867762220193,81.4114439016999,-6.806596046404111,496.9,301.1733553951943,1410,0,0.0,1.0,0.09357643127441406,1.7792932987213135,0.009828211,-0.021582019,0.0034124725,-1.1766837627125204,0.0,496.9,40000,9.764959573745728,0.6404807467420408,0.4936058860324902,-0.7194511242941378,0.0,204.0
16,10.159915685653687,-1.7454299776609448,11.856390774050569,83.16032763661354,-9.016901017986777,518.15,280.9182754823901,1590,0,0.0,1.0,0.07771515846252441,1.814857006072998,0.009996859,0.003493443,-0.020646842,-1.2335583842073627,0.0,518.15,40000,10.445419788360596,0.6457984382971017,0.5333004497489089,-1.0141951553325705,0.0,152.4
17,9.958425521850586,-2.881830883055625,8.35188135181886,62.091804994155105,-6.879095237024148,487.75,307.129349786047,1790,0,0.0,0.8,0.08967828750610352,1.7743706703186035,0.006438151,-0.02113308,0.0035337536,-1.398385634092189,0.0,487.75,40000,11.02671480178833,0.6624561063827369,0.5000109201301625,0.04797379654100219,0.0,133.2
18,10.002307891845703,-2.9338118897727172,8.528458322000954,71.65097935103859,-8.152950520896528,430.3,280.22118049854834,1420,0,0.0,0.8,0.08113980293273926,1.8521263599395752,0.0064131864,-0.019128205,-8.182907e-06,-1.5519282596602417,0.0,430.3,40000,10.141870737075806,0.5786757743670593,0.4896141020881529,-3.19779867614728,0.0,150.4
19,9.954657793045044,-2.337885561224571,9.902354650799612,71.1413934666343,-7.022077653220341,432.95,288.53041000906643,1520,0,0.0,0.8,0.07788300514221191,1.8210415840148926,0.0064349878,-0.019321494,0.0011250192,-1.6305239898166746,0.0,432.95,40000,11.115219354629517,0.6136604801550196,0.5053534856332271,-2.139250554211751,0.0,141.2
20,10.096078634262085,-2.844052913157609,8.36849339836633,65.77324207695422,-7.263078718642899,431.1,282.1113078201581,1680,0,0.0,0.8,0.07360625267028809,1.7863497734069824,0.0064349975,-0.021099258,0.0017955039,-1.751876882150768,0.0,431.1,40000,11.407590866088867,0.5684471109650912,0.4121849384217479,-1.813291745504757,0.0,147.2
21,10.203328847885132,-4.214193059307911,2.100000677303927,13.34208783303793,-6.719471568850302,445.7,277.4932611794384,1520,0,0.0,1.0,0.08023571968078613,1.8511440753936768,0.0098644495,-0.02667315,0.0024050307,-1.9981084998664824,0.0,445.7,40000,10.917148113250732,1.209794426073536,0.2081287939165098,-2.264655918290014,0.0,130.4
22,10.205700159072876,-4.009115998566168,3.592720119117098,34.932592766977216,-11.075901540077172,487.5,280.8215625624215,1570,0,0.0,1.0,0.07818078994750977,1.8127517700195312,0.009894153,-0.020559188,0.00063008396,-2.199209249736451,0.0,487.5,40000,10.162066221237183,0.5063437922706633,0.41671455948650427,-3.4548109873513453,0.0,136.8
23,10.083305358886719,-4.073978474125417,3.560645596785079,36.900001151761515,-8.457869432039328,475.05,282.6464178085404,1420,0,0.0,0.8,0.08120942115783691,1.8083267211914062,0.0064127045,-0.020088218,0.0013380178,-2.3866861721753474,0.0,475.05,40000,11.18161392211914,0.3650693677587308,0.2309911835457635,-3.5434755436722996,0.0,110.8
24,10.37991714477539,-4.374879808209863,1.1947674889417097,2.4764872841659757,-7.081128158954857,502.2,332.32086904075106,2830,0,0.0,0.8,0.08173513412475586,1.7821784019470215,0.0064336425,0.0027201613,-0.016612234,-2.5855055357787995,0.0,502.2,40000,11.880118131637573,0.09949290237332316,0.03105285123139217,-3.4308269860891123,0.0,115.6
25,10.29896593093872,-4.367532570415135,1.451603111655776,2.7186177250473356,-7.296900558873247,403.05,251.92895327849874,1390,0,0.0,0.8,0.07718777656555176,1.7992136478424072,0.0064510843,-0.017781943,0.00084418524,-2.7637082392424333,0.0,403.05,40000,11.043901681900024,0.06763664725100699,0.05416074405011836,-3.582990417510713,0.0,96.8
26,10.05935263633728,-4.255711071963366,1.712764692827616,12.537178943814007,-7.021975444900123,445.65,257.8033698383324,1430,20,0.0,1.0,0.07683300971984863,1.7932970523834229,0.0099942265,-0.02630944,0.0046852655,-2.9129085225145266,0.0,445.65,40000,10.121522665023804,0.14925813982967362,0.12455455509375304,-3.64899606115613,0.0,166.4
27,10.2026686668396,-4.147235313496548,3.5144866107535835,32.69609976407869,-7.30643555660575,498.05,298.02465921463613,1920,0,0.0,0.8,0.07767224311828613,1.7656686305999756,0.006578432,-0.01921137,0.0025354985,-3.036341201612729,0.0,498.05,40000,10.384857892990112,0.5259543017754431,0.2544884473034429,-3.6882298196638397,0.0,125.2
28,9.85890245437622,-4.46836570953349,1.3194472624451126,1.4148504853966728,-7.082775430870777,517.95,256.25240974476714,1270,50,0.0,1.0,0.07958364486694336,1.88789963722229,0.009850129,0.0031262576,-0.019953838,-3.1795436524048055,0.0,517.95,40000,11.143782377243042,0.11700067042889774,0.04184659347647349,-3.6606986488520117,0.0,119.6
29,9.954183101654053,-3.77021422715037,6.52044753477621,79.95336214058675,-7.812914839395088,395.45,235.50540864277406,1090,0,0.0,1.0,0.0761559009552002,1.8018131256103516,0.009999885,-0.019123962,0.0031819153,-3.238610709879362,0.0,395.45,40000,10.71668553352356,0.7691919219387252,0.4264698822500171,-3.6759793546111377,0.0,88.4
30,10.127145528793335,-4.483828092266687,1.5270845751298179,7.347244155395298,-7.386832513474674,405.0,240.53897813036457,1240,0,0.0,0.8,0.08129072189331055,1.8196678161621094,0.0064210035,-0.021876443,0.000583088,-3.363132448118095,0.0,405.0,40000,11.318622350692749,0.18783437206492226,0.0889780838443172,-3.805715750107078,0.0,78.4
31,9.957937955856323,-4.376865954173805,3.241718870964553,38.109746776751145,-7.111978361248147,438.1,266.15294475169725,1670,0,0.0,1.0,0.07669973373413086,1.7728674411773682,0.00988514,-0.01624904,0.00016016111,-3.464505798723666,0.0,438.1,40000,11.33722186088562,0.46102329041771634,0.13571108355265438,-3.854157619050045,0.0,85.2
32,10.278379201889038,-4.300878129182319,4.171964315954651,39.00777011905197,-7.704089762797679,411.05,255.35543366061356,1320,0,0.0,1.0,0.07656669616699219,1.886021375656128,0.00980442,-0.022957535,0.002772461,-3.5481430317695315,0.0,411.05,40000,11.44869089126587,0.4525275336209598,0.27426975187842645,-3.9253607008463662,0.0,160.0
33,10.05954623222351,-4.562994349856059,1.9789243883751395,14.087070248869985,-7.307621659633573,499.0,320.90808652946095,1860,0,0.0,0.8,0.08034801483154297,1.840125322341919,0.0065005026,-0.024791438,0.0024237325,-3.649628163578184,0.0,499.0,40000,11.849955797195435,0.2108921080061906,0.09693347172445188,-4.049319127534901,0.0,150.0
34,9.943464040756226,-4.393155115407783,3.896614931347518,46.70150161688618,-7.175229198231998,504.35,339.0008517688414,1640,0,0.0,1.0,0.08488082885742188,1.8352532386779785,0.009968934,0.002835789,-0.02027377,-3.723980858761144,0.0,504.35,40000,10.830416679382324,0.48560675637842166,0.33076726171344045,-3.99773465476784,0.0,96.0
35,9.951642990112305,-4.466196763276088,1.4203690149174215,1.605972822229146,-7.332042420740617,423.0,278.0125896429872,1580,0,0.0,1.0,0.07800436019897461,1.765195369720459,0.0099244015,-0.022406556,0.0018785353,-3.7982024492126385,0.0,423.0,40000,9.956546783447266,0.05218765109032513,0.025123906421151643,-4.096282016013334,0.0,64.0
36,9.959396362304688,-4.56415267016676,2.5770419520738135,20.704099139946226,-7.368899440866043,406.5,260.70625232241747,1150,0,0.0,0.8,0.07712960243225098,1.7792253494262695,0.0065661636,-0.017220266,0.0010996857,-3.874797471308051,0.0,406.5,40000,10.488860845565796,0.2796123811122058,0.10678942988413231,-4.148038490777103,0.0,60.4
37,9.960442543029785,-4.680595090319219,1.4001665435572364,4.228637185270905,-7.889174450843344,465.3,291.2694800352416,1450,0,0.0,0.8,0.07978081703186035,1.7753181457519531,0.0065042404,-0.024515532,0.0020811807,-3.955377233209168,0.0,465.3,40000,10.657199621200562,0.043117532920530104,0.023709805990867902,-4.212650838994595,0.0,69.2
38,9.960265159606934,-4.716345704560651,1.3075616500045921,-0.7965713127114643,-7.555895117021608,523.05,348.82115403169,1780,0,0.0,1.0,0.07988476753234863,1.8519432544708252,0.009882346,0.0063567944,-0.018920433,-4.031474080344316,0.0,523.05,40000,11.188482999801636,0.012498561055095314,0.009977271371257694,-4.15369237396219,0.0,29.2
39,9.96385383605957,-4.419781885230105,2.518592441492119,21.94644628213056,-7.544102191851058,390.05,264.7989756400126,1390,0,0.0,1.0,0.07889246940612793,1.795536756515503,0.009735831,-0.018582564,0.0015912986,-4.070304860832895,0.0,390.05,40000,8.912593603134155,0.29402027031863,0.2550647158803045,-4.2435974499168685,0.0,73.2
40,10.06281852722168,-4.816800365623563,1.3233496024240536,-2.036088131143899,-7.729368344859653,430.25,314.1789895903289,1720,0,0.0,0.8,0.07632780075073242,1.8292741775512695,0.0064075654,-0.018125558,0.0029433966,-4.144954411311962,0.0,430.25,40000,8.73193907737732,0.037328395026292906,0.011821769112000608,-4.43994316956534,0.0,57.2
41,10.07626485824585,-4.969032207270971,1.411136484177418,2.1396935063458247,-7.858353928177796,489.5,383.3402535607238,1820,0,0.0,1.0,0.07898974418640137,1.7768149375915527,0.0099654775,-0.022874692,0.0042639254,-4.227362190907863,0.0,489.5,40000,9.516798973083496,0.02253256695521762,0.020953062249370696,-4.631470548502846,0.0,108.4
42,10.057642221450806,-5.321150464596928,1.494793744220406,-2.5473974682999696,-8.461245641173647,542.45,420.97683724879687,2640,30,0.0,1.0,0.07575869560241699,1.810307502746582,0.009942043,0.0076269945,-0.018232714,-4.336741018276769,0.0,542.45,40000,9.76524829864502,0.012325259641658814,0.006973584191698176,-4.510571016865767,0.0,32.0
43,10.205573558807373,-5.0867356243270265,1.8903631117478563,8.844753357107795,-7.863955745332642,348.95,267.5264426182952,1730,0,0.0,1.0,0.07619738578796387,1.8309547901153564,0.009380448,-0.022996627,0.00087137136,-4.4117404788817955,0.0,348.95,40000,8.691353559494019,0.09474462655826708,0.07952790109465095,-4.635116145038669,0.0,76.0
44,10.09917163848877,-5.010383672011371,1.4534261145677092,0.6128471537521678,-7.967868504544216,436.45,313.7114876761768,1740,0,0.0,1.0,0.08102726936340332,1.7542510032653809,0.009874397,-0.025411617,0.0070450227,-4.471604798194753,0.0,436.45,40000,8.888034582138062,0.019896511416526725,0.012299755596567517,-4.977708695361034,0.0,96.0
45,10.313969850540161,-5.237229276425435,1.8603991917021487,5.381355009525406,-8.708204322434897,545.2,375.6753385571111,2010,0,0.0,1.0,0.07785987854003906,1.8104634284973145,0.0097444,0.005608913,-0.01746235,-4.5481672460178215,0.0,545.2,40000,9.072949171066284,0.035896717231386786,0.035543808432677904,-4.836087735518783,0.0,26.0
46,10.106026411056519,-5.225977808893507,1.7463070753184171,2.7946624940409857,-8.335085443346685,385.75,274.3673404397834,2010,0,0.0,1.0,0.0815267562866211,1.7926161289215088,0.009860069,-0.020337937,0.0042903884,-4.61594830230539,0.0,385.75,40000,8.383033752441406,0.028206018140032565,0.023031067145574957,-5.11331156711615,0.0,109.2
47,10.356991052627563,-5.44535179966676,1.5763676409482608,-2.250260935025883,-8.44043398529104,533.65,335.5341674107124,1800,0,0.0,0.8,0.07955098152160645,1.8300094604492188,0.0064445045,0.007334903,-0.014855631,-4.698888652041527,0.0,533.65,40000,8.548582315444946,0.014568576478533258,0.006454973090576546,-4.9647743033842735,0.0,36.8
48,10.094492197036743,-5.449244315771516,1.6270702310421912,-2.1415240314776067,-8.618811361540113,416.0,323.70356809896305,1760,0,0.0,1.0,0.07696938514709473,1.7814652919769287,0.009865266,-0.02376935,0.0060147126,-4.773924218414526,0.0,416.0,40000,8.815989255905151,0.00754669734271981,0.007113177462993542,-5.228286796529662,0.0,80.4
49,10.053691387176514,-5.544688321094302,1.5969155831416186,-2.0806135409183724,-8.761855801008272,565.85,390.8468721890966,1830,0,0.0,0.8,0.07572245597839355,1.8296420574188232,0.0064312345,0.0072751604,-0.014010708,-4.851000628682503,0.0,565.85,40000,8.52611517906189,0.009772261975760255,0.005291678792322249,-5.054766755643451,0.0,28.0
50,10.058277130126953,-5.566120227191801,1.8089297511898679,-2.420169488754323,-8.834425059452304,410.75,292.19674450616316,1630,0,0.0,1.0,0.07852435111999512,1.8393311500549316,0.009981559,-0.023136163,0.007353289,-4.922512588533433,0.0,410.75,40000,8.240569829940796,0.007410917954240769,0.005449302820142509,-5.377974769528087,0.0,61.2
51,10.149588346481323,-5.66504635231271,1.7521205746273152,-2.319000842951702,-9.44432652361677,539.0,381.0288702972519,2380,0,0.0,0.8,0.07552528381347656,1.8044021129608154,0.0064564752,0.009487134,-0.014729465,-4.996765964911361,0.0,539.0,40000,8.500910997390747,0.006079793517306451,0.005539526965206913,-5.221667760492212,0.0,14.8
52,10.264155149459839,-5.551634844243016,1.8369860475014306,-1.8511239832650532,-9.30923803390443,438.6,295.56055217163197,1700,0,0.0,1.0,0.0809175968170166,1.8358352184295654,0.009886958,-0.022381388,0.007982559,-5.052252852844528,0.0,438.6,40000,8.421987533569336,0.005401008983902298,0.003992810535218416,-5.521594116228308,0.0,57.6
53,10.362457513809204,-5.707966640129919,1.921516575935221,-2.330889632575531,-9.287688393661869,653.7,378.64007975912955,2080,20,0.0,0.8,0.07826900482177734,1.8199524879455566,0.006534764,0.011359565,-0.016193587,-5.117824231573067,0.0,653.7,40000,8.473679780960083,0.007197176550238542,0.00494127668185084,-5.335501292020297,0.0,0.0
54,10.26379919052124,-5.578534863745135,1.8890684272502922,-2.3685906615301433,-9.347017555491432,509.4,340.25525712323685,1680,0,0.0,1.0,0.07764410972595215,1.7849113941192627,0.009900943,0.013909751,-0.017664423,-5.163895294790274,0.0,509.4,40000,8.553202390670776,0.006131161507391526,0.005142530653265178,-5.137985425261948,0.0,0.0
55,10.265369176864624,-5.44309086423932,1.7215348644307356,-2.353098092855601,-8.733811740171275,305.4,235.50762195733708,1180,0,0.0,0.8,0.07667851448059082,1.8706374168395996,0.006406681,-0.019479858,0.00731937,-5.191814851735179,0.0,305.4,40000,8.383692264556885,0.007642196874527566,0.006544943120073576,-5.341106672480539,0.0,0.0
56,10.158045530319214,-5.584567643533507,1.920800156285943,-2.162193504204759,-9.133710838730222,448.8,286.1600251607481,1600,0,0.0,1.0,0.07656168937683105,1.783435583114624,0.009951678,-0.023431633,0.00919047,-5.231090130915012,0.0,448.8,40000,8.50377631187439,0.007110202595536142,0.004509916723034558,-5.574948936765396,0.0,12.0
57,10.307720422744751,-5.921259140880702,2.1528885340946022,-1.886145949836508,-9.701194518456642,654.65,380.2142521000495,1900,0,0.0,0.8,0.0773003101348877,1.7801499366760254,0.006501258,0.010426616,-0.01458281,-5.3001070319115815,0.0,654.65,40000,8.04250454902649,0.00523796793568142,0.004067547750009028,-5.39240854215158,0.0,0.0
58,9.994889736175537,-5.943038821093598,2.0323950026548476,-2.1457186844194616,-9.471909946278505,466.25,300.59347547809483,1640,0,0.0,1.0,0.07516670227050781,1.7879488468170166,0.009951955,-0.022796463,0.010701188,-5.364400210829784,0.0,466.25,40000,7.985149145126343,0.005150303628298626,0.004638423176427519,-5.654050179047929,0.0,20.8
59,10.15433955192566,-5.976368961610412,2.1689299447552357,-2.3837652796853597,-9.880432822599136,706.5,391.5581055220285,1800,0,0.0,0.8,0.07733988761901855,1.7794227600097656,0.0065004006,0.011033733,-0.015114312,-5.425597085907847,0.0,706.5,40000,8.083337545394897,0.006656981358176156,0.0032370076015615914,-5.499037349661223,0.0,0.0
60,10.263404607772827,-5.747359207973834,2.0209014388062796,-2.1082432865310152,-9.778600044474283,531.8,325.85696248507566,1570,0,0.0,0.8,0.07647156715393066,1.8428080081939697,0.0065329215,0.012115275,-0.014507257,-5.457773298114446,0.0,531.8,40000,8.318158864974976,0.003641675545926898,0.0035023278176359966,-5.348870245482211,0.0,0.0
61,10.262105703353882,-5.3138312059732105,2.033116028939983,-2.122318227985092,-9.311121318356577,388.9,268.51776477544274,1240,0,0.0,1.0,0.07739830017089844,1.7756633758544922,0.009939791,-0.022657515,0.009479053,-5.443379088900323,0.0,388.9,40000,8.169909715652466,0.004827195413780037,0.004252372837733104,-5.60656144569569,0.0,10.4
62,10.255712509155273,-5.962654303183158,2.168586276877075,-2.238631070646663,-9.871484417458232,581.25,339.28444924576195,1810,0,0.0,0.8,0.07695746421813965,1.7706775665283203,0.006426896,0.011903592,-0.015319426,-5.495306610328607,0.0,581.25,40000,8.255072593688965,0.004281618386110763,0.0026844929112856556,-5.42584214272166,0.0,0.0
63,10.307802677154541,-5.640093396709936,2.1557049245488566,-1.9840486634801435,-9.622173404606967,424.8,279.3921258732966,1370,0,0.0,1.0,0.07718873023986816,1.764629602432251,0.009878118,-0.021635162,0.009756006,-5.50978528896674,0.0,424.8,40000,8.257320880889893,0.005779148870153143,0.005074621881986173,-5.647205911442627,0.0,19.2
64,10.160311222076416,-5.873835512788458,2.1583773708986977,-2.3931606308141964,-10.176014785961998,682.75,401.5768139472198,2020,0,0.0,0.8,0.07660651206970215,1.7725238800048828,0.0064651445,0.011322043,-0.015389067,-5.546190311348912,0.0,682.75,40000,8.244244575500488,0.004125300416921174,0.0038648606329918195,-5.50192887301303,0.0,0.0
65,10.30000114440918,-5.6780713835749275,2.154591814808782,-2.2800001119535063,-9.712876344026217,491.05,317.8307686489777,1560,0,0.0,1.0,0.07671093940734863,1.7731029987335205,0.009915467,-0.023958798,0.013078066,-5.559378418571514,0.0,491.05,40000,8.017110824584961,0.004633009807153933,0.002994716614534349,-5.7140361568349824,0.0,31.6
66,10.157368183135986,-6.350105863249537,2.09781579883163,-2.4786555208308885,-10.134650060021269,805.6,373.4737474040177,2110,0,0.0,0.8,0.07946157455444336,1.7838544845581055,0.0064840713,0.013553819,-0.01564546,-5.638451163039317,0.0,805.6,40000,7.753254413604736,0.003602344695002591,0.002513623896391301,-5.566318424423785,0.0,0.0
67,10.06464147567749,-5.869331699151632,2.1208002604328495,-2.334278360844041,-10.052677164604566,544.55,363.98873265528425,1600,0,0.0,0.8,0.0771937370300293,1.782743215560913,0.0064999764,0.012054667,-0.014684439,-5.6615392166505485,0.0,544.55,40000,8.059805870056152,0.004423261093496442,0.003939511724577009,-5.409628656698337,0.0,0.0
68,10.206161975860596,-5.698725441440519,2.1313337224910147,-1.9573500346646233,-9.777022621235382,368.85,266.5092446801799,1430,0,0.0,1.0,0.07654309272766113,1.769993782043457,0.0099097,-0.021135082,0.010030713,-5.665257839129546,0.0,368.85,40000,8.245562553405762,0.005410574130077594,0.005009712677706892,-5.630088421512768,0.0,8.4
69,10.4562668800354,-6.133350312803855,2.226310976489426,-1.9462696884025266,-9.952418328341885,586.3,362.781352883524,1730,0,0.0,0.8,0.075653076171875,1.7820968627929688,0.006489892,0.012096773,-0.015908707,-5.712067086496977,0.0,586.3,40000,8.167346715927124,0.0044931285139188405,0.00246508129656832,-5.473492873888094,0.0,0.0
70,10.254255056381226,-6.098535898679268,2.112507414169164,-2.0520865507980646,-9.756945324619148,375.5,268.9103010299159,1110,0,0.0,1.0,0.07768368721008301,1.788919448852539,0.0098235225,-0.023553478,0.011142659,-5.750713967715207,0.0,375.5,40000,8.186065673828125,0.0032921343085773537,0.002994693277173212,-5.653093913963861,0.0,20.4
71,10.361178159713745,-6.042611389117922,2.222841118212702,-2.395377165048337,-10.314782618298894,692.9,369.2134748353586,1660,0,0.0,0.8,0.08017778396606445,1.808762550354004,0.006443927,0.012203634,-0.016275236,-5.779903709855478,0.0,692.9,40000,8.220945596694946,0.0052736614687402894,0.004208996794574598,-5.526130019554321,0.0,0.0
72,10.272024869918823,-5.879022086513698,2.0965734194559835,-2.0358612200518094,-9.948613236950377,488.55,294.7921259124809,1540,0,0.0,1.0,0.07983732223510742,1.808727741241455,0.009918599,-0.023397103,0.012409381,-5.7898155475213,0.0,488.55,40000,8.123873710632324,0.004125424635856615,0.0033423767347874798,-5.771910365105769,0.0,54.0
73,10.271951675415039,-6.278659654155929,2.172211930628713,-2.1826475469440068,-10.033477702409137,705.55,364.4114398588497,1930,0,0.0,0.8,0.07684659957885742,1.7924211025238037,0.0064888033,0.012452536,-0.015084661,-5.838699958184763,0.0,705.55,40000,7.934947967529297,0.004133378834628979,0.002247577098794626,-5.608583237658362,0.0,0.0
74,10.256723880767822,-5.913945565055833,2.0242216605674597,-2.2840647602729938,-9.950670661149045,488.95,287.4359015502413,1330,0,0.0,1.0,0.07690882682800293,1.8138649463653564,0.009856501,-0.021485902,0.011784667,-5.846224518871869,0.0,488.95,40000,8.035855531692505,0.004780366879744566,0.004235473109447772,-5.855957203769625,0.0,140.0
75,10.308618545532227,-6.195794354092718,2.3727435521774014,5.170555458663289,-10.325695857118296,771.0,347.8217934517617,1810,50,0.0,0.8,0.0776827335357666,1.8203513622283936,0.006441495,0.008595419,-0.016743548,-5.881181502393955,0.0,771.0,40000,8.102251052856445,0.016121027760382326,0.011467113859248035,-5.684322310588077,0.0,17.6
76,10.255672931671143,-5.984080644141545,2.2222608469111087,-1.9870311654479225,-9.994926836597921,531.65,327.74346294014777,1570,0,0.0,1.0,0.07799744606018066,1.7798924446105957,0.009985959,0.012967599,-0.018292347,-5.891471416568713,0.0,531.65,40000,8.175928354263306,0.006314874687395161,0.0032402944883129013,-5.514612610822796,0.0,0.0
77,9.95992112159729,-5.917556443986423,2.06671942599519,-1.7803231699569173,-9.680635457225767,332.15,238.52018258419977,940,0,0.0,1.0,0.0791633129119873,1.8519463539123535,0.009933778,-0.020692054,0.00980673,-5.894079919310484,0.0,332.15,40000,8.201903343200684,0.006205903510113197,0.004653641123026216,-5.7064181477056675,0.0,12.8
78,10.004990816116333,-6.125824986070759,2.108980640068853,-2.6059050504877286,-9.823328328215988,538.3,303.60848143620757,1770,0,0.0,0.8,0.0797739028930664,1.8212099075317383,0.006477368,0.011039897,-0.015142087,-5.9172544259865125,0.0,538.3,40000,8.431350708007812,0.0034879520450762677,0.00228340299902108,-5.539297792961253,0.0,0.0
79,10.275943517684937,-5.8396615034348995,2.2561857581166174,-1.9978147698052973,-9.8016439324626,395.85,271.991318795288,1160,0,0.0,0.8,0.07680296897888184,1.763714075088501,0.006414528,-0.018025734,0.008835162,-5.909495133731351,0.0,395.85,40000,8.30812382698059,0.0036083305965690245,0.0027832273395925417,-5.706214008205185,0.0,5.2
80,10.100175142288208,-6.014792652849301,2.164116242784283,-2.373584848761926,-10.094149633522203,560.35,331.3055651509645,1570,0,0.0,0.8,0.075439453125,1.7641925811767578,0.006495055,0.012980623,-0.015123952,-5.920024885643146,0.0,560.35,40000,8.174875020980835,0.003101908133507378,0.002586278877015184,-5.5690222300418535,0.0,0.0
81,10.258083581924438,-5.927782614255738,2.1731801796082597,-2.1328423793450733,-9.929318884643214,357.05,279.2880188980544,1800,0,0.0,1.0,0.08144736289978027,1.851604700088501,0.00986496,-0.023640819,0.012513075,-5.9208006585044055,0.0,357.05,40000,8.413944482803345,0.0042390215495778415,0.0026093290878558863,-5.787433988261346,0.0,28.8
82,10.368530988693237,-6.252447103594949,2.1580828999062533,-2.2917005351277493,-10.130003810089542,615.95,361.8191502670913,1900,0,0.0,0.8,0.07534170150756836,1.760563611984253,0.0064538675,0.013259239,-0.015557493,-5.95396530301346,0.0,615.95,40000,8.27779746055603,0.0038277516430270525,0.002124081905552094,-5.63587965275687,0.0,0.0
83,10.38272762298584,-5.741319184153854,2.146618776721637,-2.254397744071607,-9.868790306711556,412.55,267.5761527117093,1440,0,0.0,0.8,0.07707786560058594,1.7850050926208496,0.006450977,-0.01762487,0.008546756,-5.932700691127499,0.0,412.55,40000,8.068758010864258,0.003226466065814979,0.003891184668622109,-5.811579523648083,0.0,81.2
84,10.407174348831177,-6.110177795930895,2.1684481704090692,-2.301463897825086,-10.193257311818636,646.7,332.85749202924666,1500,0,0.0,0.8,0.0811924934387207,1.7974181175231934,0.006470489,0.013176883,-0.01669631,-5.950448401607838,0.0,646.7,40000,8.04578185081482,0.0032066878959430773,0.002612261047573212,-5.676577107216284,0.0,0.0
85,10.363392114639282,-6.139603435104964,2.1994161822920835,-2.084275898408875,-9.932267225021867,436.9,279.48414981891193,1220,0,0.0,0.8,0.07572388648986816,1.7856149673461914,0.0064333985,-0.018195441,0.009324775,-5.969363904957551,0.0,436.9,40000,8.182712078094482,0.003390580666393286,0.0022670678029808058,-5.850113579349289,0.0,109.2
86,10.405765771865845,-6.577990520238553,2.268916255428214,-2.402889634650745,-10.503155256952022,685.95,352.5068758194654,1820,0,0.0,0.8,0.08051681518554688,1.8875367641448975,0.006466854,0.013150909,-0.015678214,-6.030226566485651,0.0,685.95,40000,8.18144702911377,0.0034671499295006684,0.0017720995977584784,-5.687311634446093,0.0,0.0
87,10.24744176864624,-5.934394349958114,2.2157295304792406,-2.2814410439173747,-10.101621351369294,429.6,298.9947156723677,1800,0,0.0,1.0,0.07973504066467285,1.859734296798706,0.009943403,-0.021914398,0.011318289,-6.020643344832898,0.0,429.6,40000,8.29753041267395,0.003981037069610714,0.0029614044712000832,-5.898687859489281,0.0,181.6
88,10.613753080368042,-6.135617670932554,2.214204975420201,-2.3597687279342763,-10.156524159515154,762.5,375.0383313742743,1890,0,0.0,0.8,0.07704663276672363,1.8064579963684082,0.0064931167,0.013963768,-0.015760062,-6.032140777442864,0.0,762.5,40000,8.326208591461182,0.0026961937717970928,0.002122579155197571,-5.780386015719582,0.0,0.0
89,10.272847175598145,-5.796871456915994,2.1580076028234436,-2.2437084496106463,-9.865979285493493,499.0,306.9902278575004,1510,0,0.0,0.8,0.0762028694152832,1.7740910053253174,0.0064151105,-0.018517628,0.011802891,-6.008613845390177,0.0,499.0,40000,8.135558605194092,0.003158208454088606,0.0028385308043706774,-5.963062857507538,0.0,267.6
90,10.387824773788452,-6.344814974286225,2.3574146838461045,-2.2577288560598934,-10.364718145538136,777.55,369.3121951682614,1690,40,0.0,0.8,0.08034920692443848,1.8300349712371826,0.006482258,0.0139642395,-0.01584482,-6.042233958279782,0.0,777.55,40000,7.8453192710876465,0.0033522039478677953,0.0020125469376585845,-5.81207714534072,0.0,15.6
91,10.398584365844727,-6.107278107984903,2.331579992642197,-2.340473109687332,-10.053660593201728,522.6,334.13057327936934,1720,0,0.0,0.8,0.07799315452575684,1.800896167755127,0.006425921,0.0118985195,-0.015875265,-6.048738373250295,0.0,522.6,40000,8.282058954238892,0.0026906742091028038,0.00232025969969485,-5.664853773190936,0.0,0.0
92,10.057664394378662,-5.827521750263225,2.1348647064889446,-1.7870746541070082,-9.902622222534534,362.65,267.1319477336996,1120,0,0.0,0.8,0.08158493041992188,1.8374459743499756,0.006412995,-0.017620768,0.008884805,-6.026616710951588,0.0,362.65,40000,7.731334209442139,0.0031257352236617893,0.0026644257301240647,-5.821825248446833,0.0,16.0
93,10.057708263397217,-5.8187159505883015,2.1583289032179214,-2.1161349442047075,-10.210898405183032,557.15,336.73784684825677,1600,0,0.0,0.8,0.07607722282409668,1.7648897171020508,0.00644713,0.011901028,-0.014874792,-6.00582663491526,0.0,557.15,40000,7.933465480804443,0.0026960455930901237,0.0023708533460871906,-5.691209256951075,0.0,0.0
94,10.310241460800171,-6.0407172633505795,2.1243332143784843,-2.2635388582325393,-9.961906381776107,362.6,261.6414340275638,1620,0,0.0,1.0,0.07827973365783691,1.821089267730713,0.009886943,-0.021817751,0.011419623,-6.009315697758792,0.0,362.6,40000,8.096017122268677,0.0034047641106269857,0.002364152238240702,-5.905059035301299,0.0,85.2
95,10.260334730148315,-6.181001122942941,2.1694535113297833,-2.556734555221405,-10.366010098643695,634.15,332.5902546678119,1560,0,0.0,0.8,0.08106851577758789,1.7746162414550781,0.006400772,0.012102601,-0.015774416,-6.026484240277207,0.0,634.15,40000,7.8603761196136475,0.0027032424189196874,0.002095215029661823,-5.749644136442015,0.0,0.0
96,10.318728685379028,-5.696315099684606,2.0452241622310288,-1.9118468418824162,-9.953208717297821,400.8,265.4116802252682,1180,0,0.0,1.0,0.07657003402709961,1.7876169681549072,0.00984679,-0.021634698,0.012204899,-5.993467326217947,0.0,400.8,40000,8.387174129486084,0.004438347870684653,0.0033190731037707755,-5.950758693800362,0.0,179.6
97,10.31155776977539,-6.121394611364053,2.24224912123188,-2.2229999829886573,-10.200168772611473,687.45,376.42130319629894,1770,0,0.0,0.8,0.08431744575500488,1.8468539714813232,0.0064522033,0.012501994,-0.016013732,-6.006260054732557,0.0,687.45,40000,8.251356601715088,0.003047417893554972,0.0020340435824915373,-5.792081868220139,0.0,0.0
98,10.267614364624023,-6.054902278568192,2.268365318957815,-2.2744216374812103,-9.988663819821566,420.85,280.73079186295183,1290,0,0.0,1.0,0.0793461799621582,1.8295714855194092,0.009891588,-0.02237182,0.013921684,-6.011124277116121,0.0,420.85,40000,8.150355815887451,0.0026911860244619836,0.0020205204860650862,-6.005852589461664,0.0,400.8
99,10.262232542037964,-5.955564383770086,2.281420009506201,-2.2738940625058426,-10.306825150060869,732.85,382.2804958404235,1810,0,0.0,0.8,0.08158040046691895,1.8236849308013916,0.0064301626,0.013086193,-0.016467085,-6.005568287781518,0.0,732.85,40000,8.096295356750488,0.0030479080289344306,0.0021694322591465165,-5.838517018240902,0.0,8.0
100,10.05329179763794,-6.010447767009023,2.3279150530083674,-2.1642123635866843,-10.366054358179177,488.8,339.88315639348764,1560,0,0.0,1.0,0.07610034942626953,1.7945609092712402,0.009878294,-0.023690546,0.014925214,-6.006056235704269,0.0,488.8,40000,7.792927980422974,0.0027078284417389564,0.0022223442748326894,-6.051851244856448,0.0,512.0
101,10.153928518295288,-6.315573320848326,2.1916456543970697,-1.3039101453877104,-10.421447570362261,868.95,362.91651588209646,1940,80,0.0,0.8,0.0834648609161377,1.7788124084472656,0.0064470735,0.013088385,-0.016313998,-6.037007944218674,0.0,868.95,40000,7.490235090255737,0.0031092243399673046,0.002494676831419484,-5.914669457338594,0.0,25.6
102,10.470479011535645,-6.38937215368808,2.241249451023049,-2.306760726040444,-10.128302006045306,580.65,347.70113243991597,1410,0,0.0,0.8,0.08162665367126465,1.8186750411987305,0.0064514307,0.013760524,-0.016102906,-6.072244365165615,0.0,580.65,40000,7.6742308139801025,0.0019792700952329665,0.0016202471662919746,-5.771107550543212,0.0,0.0
103,10.264870166778564,-5.542686840020374,2.2157703443953913,-2.034849897767142,-10.074727941982887,371.3,255.84430812507827,1150,0,0.0,1.0,0.08138561248779297,1.8423821926116943,0.009915225,-0.02300215,0.012627634,-6.019288612651091,0.0,371.3,40000,8.21711802482605,0.0040426044109631454,0.002784895760647967,-5.990326462521806,0.0,215.6
104,10.255667448043823,-6.115508839109723,2.287873380224884,-2.241887033016532,-10.662331741785607,688.65,338.6660264921771,1760,0,0.0,0.8,0.08076691627502441,1.8144350051879883,0.006454537,0.013674291,-0.016310444,-6.028910635296954,0.0,688.65,40000,8.188565015792847,0.0030645497409946547,0.0018691629113361248,-5.821623515507671,0.0,0.0
105,10.462096691131592,-5.958564288057158,2.13256275658395,-2.311745868627804,-10.02231569967649,434.35,281.7970501974781,1370,0,0.0,1.0,0.07720351219177246,1.7689924240112305,0.009946133,-0.022706522,0.012948459,-6.021876000572975,0.0,434.35,40000,8.27261233329773,0.002783591157951007,0.0022881075899069316,-6.052678992614798,0.0,456.4
106,10.156954050064087,-6.155107753276564,2.2698953468919134,-2.189157248823422,-10.489016752510672,731.8,356.55400712935483,1600,0,0.0,0.8,0.0771949291229248,1.8855020999908447,0.0064202957,0.013760794,-0.016723527,-6.035199175843335,0.0,731.8,40000,8.201716899871826,0.0026611673531730237,0.0020647305520579353,-5.881752376432367,0.0,0.0
107,10.262036323547363,-6.34806052650002,2.2402354444305463,-2.0619495095490525,-10.019261455471023,520.2,298.70547366929856,1460,0,0.0,0.8,0.07648897171020508,1.784935474395752,0.0064337403,0.013382545,-0.01613902,-6.066485310909004,0.0,520.2,40000,8.417636156082153,0.002255723397421321,0.001967323031320654,-5.723197434779671,0.0,0.0
108,10.386650562286377,-5.8618238026977885,2.2621818471607904,-2.2239366742279443,-10.111011420341185,316.55,243.1061445130501,1180,0,0.0,1.0,0.07703280448913574,1.8526747226715088,0.009927333,-0.022629676,0.012530024,-6.046019160087883,0.0,316.55,40000,8.269825458526611,0.0028670346603229036,0.0023640030218349786,-5.937950734244679,0.0,65.6
109,10.313668727874756,-6.059371840873931,2.2231569053289384,-2.1950293731496724,-10.045643984846658,540.65,282.5103139710124,1260,10,0.0,0.8,0.08050179481506348,1.8815867900848389,0.006523755,0.012831706,-0.015858853,-6.0473544281664875,0.0,540.65,40000,8.131661415100098,0.002445534842042631,0.0017996662146471216,-5.779316381874228,0.0,0.0
110,10.309400796890259,-5.982626593562798,2.246158289603198,-2.2452598165918176,-10.06747319960229,337.95,241.90968872701237,1220,0,0.0,1.0,0.07968831062316895,1.798468828201294,0.009968924,-0.022064,0.011349489,-6.040881644706118,0.0,337.95,40000,8.234740972518921,0.0023319393670942646,0.002461787004588311,-5.959389425689312,0.0,122.8
111,10.263132572174072,-6.079792507107543,2.3236401532075974,-2.0246807459582707,-10.460325431627757,614.15,327.6847227137695,1660,0,0.0,0.8,0.0755312442779541,1.7911462783813477,0.0064353202,0.012847281,-0.016002329,-6.044772730946262,0.0,614.15,40000,8.161097288131714,0.0024864535122117422,0.0018772766089959095,-5.808429961576653,0.0,0.0
112,10.358601331710815,-6.237104022325401,2.198339367375526,-2.2370189017908326,-10.254951066480242,397.0,276.544752255399,1470,0,0.0,0.8,0.07779383659362793,1.7888612747192383,0.0064505204,-0.018358296,0.011359906,-6.064005860084176,0.0,397.0,40000,7.88743782043457,0.001932972186334078,0.0017414478709112868,-5.961286680179695,0.0,192.8
113,10.308762550354004,-6.0602810986746025,2.2919927801894286,-2.1685322492162378,-10.360198773518812,611.45,349.4973497753595,1600,0,0.0,0.8,0.0799412727355957,1.8593683242797852,0.0064787283,0.013621671,-0.01591752,-6.063633383943219,0.0,611.45,40000,7.953646659851074,0.002269412626590934,0.0016478971389164306,-5.803598448652952,0.0,0.0
114,10.373509407043457,-6.010528423399625,2.218006954967175,-2.5405793383242092,-10.085896496582667,398.0,262.5642778444928,1370,0,0.0,0.8,0.07752084732055664,1.7970941066741943,0.0064062425,-0.01806725,0.010896326,-6.05832288788886,0.0,398.0,40000,8.20261263847351,0.0024602882818892348,0.0019389587453318609,-5.970371145750779,0.0,142.8
115,10.459844827651978,-6.137833008237007,2.319935962343782,-2.216563170183065,-10.35220984517643,595.5,320.2651245452742,1660,0,0.0,0.8,0.0766139030456543,1.7833387851715088,0.006481925,0.012245064,-0.015823234,-6.066273899923675,0.0,595.5,40000,8.168840885162354,0.0021266267629366895,0.001962858620410133,-5.821229471191985,0.0,0.0
116,10.20224928855896,-5.9361715406502435,2.278089893669691,-2.4732289738487854,-10.29439102522227,410.3,278.1616616286292,1240,0,0.0,1.0,0.08226561546325684,1.8142154216766357,0.009976034,-0.02260311,0.014997245,-6.053263663996331,0.0,410.3,40000,8.003974676132202,0.0022349555196710114,0.0020685350571986003,-6.0189492367966935,0.0,315.6
117,10.399307250976562,-6.341257514319,2.1176169357226104,-2.6280577940274386,-10.342628687501836,739.4,357.31868129164474,1780,0,0.0,1.0,0.08012843132019043,1.7989919185638428,0.009982759,0.016693674,-0.019995334,-6.082063049028598,0.0,739.4,40000,7.977061986923218,0.003030830355578196,0.0018063845385152928,-5.8105442474897195,0.0,0.0
118,10.274027109146118,-6.185620745500185,2.3557754595088056,-2.172286224811904,-10.180502023815537,383.65,265.74645341001263,1270,0,0.0,1.0,0.08033418655395508,1.7914855480194092,0.009820051,-0.021679128,0.013328399,-6.092418818675757,0.0,383.65,40000,7.725786924362183,0.0034112871681082975,0.0020679872387404925,-6.009970197912768,0.0,350.0
119,10.27508282661438,-6.02226742493928,2.329642655742384,-2.394576350607483,-10.318890013493121,734.4,398.181667081748,1990,0,0.0,0.8,0.07942628860473633,1.7786145210266113,0.006433758,0.013629349,-0.016506417,-6.085403679302109,0.0,734.4,40000,7.6229329109191895,0.004273053293873482,0.002127457210562244,-5.850389318865683,0.0,0.0
120,10.264441967010498,-5.9195625475219265,2.1823548921067983,-2.2466514136863114,-10.229868537039295,476.75,309.05976363803813,1220,0,0.0,1.0,0.07532906532287598,1.7838685512542725,0.00994737,-0.02303408,0.014570444,-6.068819566124091,0.0,476.75,40000,7.9778313636779785,0.0029009014186242646,0.0019227619891546892,-6.049563130665631,0.0,484.0
121,10.272367000579834,-6.107904623913069,2.275949521711798,-2.2517704764791304,-10.3760691431389,767.55,392.01083849812113,1850,0,0.0,0.8,0.07564496994018555,1.7570276260375977,0.006449979,0.014512918,-0.016007695,-6.072728071902989,0.0,767.55,40000,7.846966981887817,0.002243603807071478,0.001696371781336058,-5.900384305835953,0.0,66.4
122,10.26777958869934,-5.867420737122579,2.2545931762150286,-2.177856078589894,-10.427825777421628,477.65,292.1215115324443,1240,0,0.0,1.0,0.07741713523864746,1.8603947162628174,0.009939984,-0.021924747,0.013091074,-6.052197338424948,0.0,477.65,40000,7.883111476898193,0.0030542902244225104,0.0024032032609177393,-6.099779196071445,0.0,659.2
123,10.251533269882202,-6.545192931617063,2.412213339107852,-2.236575592796321,-10.69874801177339,867.9,423.7364629106162,2060,0,0.0,0.8,0.07485604286193848,1.786158561706543,0.0064509367,0.013581398,-0.01572986,-6.10149689774416,0.0,867.9,40000,8.094657897949219,0.002646532400773734,0.002050227527166118,-5.954609292057363,0.0,217.6
124,10.46981954574585,-6.13597814435951,2.2900576317693506,-2.285470789752011,-10.490244220728876,600.35,368.9923813576644,1970,0,0.0,0.8,0.08053469657897949,1.8063664436340332,0.0065105027,0.012893745,-0.016202223,-6.104945022405695,0.0,600.35,40000,7.996615886688232,0.0023333599432978276,0.0020864513938500286,-5.8102165678856625,0.0,0.0
125,10.35938286781311,-5.643025586241418,2.1743728601915575,-2.1130588754146022,-10.15550709424229,357.0,240.9771773425857,1100,0,0.0,0.8,0.07677602767944336,1.751762866973877,0.0064160265,-0.017863914,0.009451008,-6.058753078789268,0.0,357.0,40000,7.968848943710327,0.002441991123997611,0.0024177715301804507,-5.983043891174616,0.0,206.0
126,10.355930089950562,-6.229605391870223,2.224218770664006,-2.375012815524824,-10.371315631914904,585.3,312.8640439551979,1820,0,0.0,0.8,0.07478857040405273,1.7758471965789795,0.006425572,0.01333664,-0.015611974,-6.075838310097363,0.0,585.3,40000,7.891324281692505,0.0031534682637657106,0.0017592002037160055,-5.811709269424938,0.0,0.0
127,10.299744367599487,-6.194882796115378,2.3440133650054005,-1.938745396283146,-10.219467306865964,359.55,283.1612570603542,1240,0,0.0,1.0,0.0812995433807373,1.8271064758300781,0.009878165,-0.022089167,0.014183448,-6.087742758699164,0.0,359.55,40000,7.664118528366089,0.0023918358645720534,0.0019090867777723519,-6.012024989383758,0.0,399.2
128,10.258766651153564,-6.307177999339716,2.200955129670727,-2.3459975604800496,-10.328898498250945,687.35,360.70552740428025,1600,20,0.0,1.0,0.07663774490356445,1.7922632694244385,0.009967313,0.015703538,-0.019249441,-6.109686282763219,0.0,687.35,40000,7.946484088897705,0.002171164929079515,0.0016156736551556224,-5.813476020503224,0.0,0.0
129,10.558632135391235,-5.963358171435968,2.2307777763638215,-2.1733902234571105,-10.056023577134452,384.95,271.2378983475576,1300,0,0.0,0.8,0.07932519912719727,1.7791287899017334,0.0064503257,-0.018538294,0.011237187,-6.095053471630495,0.0,384.95,40000,7.819041967391968,0.0027040481525027553,0.00262992749829888,-5.9633505016503054,0.0,311.6
130,10.2606041431427,-5.821472651600074,2.3331498051640516,-2.075217385665455,-10.437001738916694,613.45,357.8779086504223,1560,0,0.0,0.8,0.08148884773254395,1.831953525543213,0.006423527,0.012945025,-0.015845181,-6.0676953896274535,0.0,613.45,40000,7.583191633224487,0.003838484268372769,0.0019049856387322332,-5.814156977796506,0.0,0.0
131,10.281774997711182,-6.0773727216861655,2.3451560722837437,-1.9208856505534708,-10.162399455861888,382.1,278.3964619028051,1530,0,0.0,0.8,0.0781409740447998,1.799933671951294,0.006469919,-0.017261852,0.009767172,-6.068663122833325,0.0,382.1,40000,7.501998662948608,0.0025173805219079483,0.0027001606755483946,-5.9604297211796196,0.0,242.8
132,10.485763788223267,-6.325663684515225,2.347189026611966,-2.437911990022021,-10.428828562616234,640.6,372.15136705378364,1740,0,0.0,1.0,0.07642936706542969,1.7554235458374023,0.00999818,0.015973119,-0.020300232,-6.0943631790015145,0.0,640.6,40000,7.501474380493164,0.0022589183374495817,0.0019198807368810207,-5.779313648067833,0.0,0.0
133,10.559077024459839,-5.847335129145174,2.161238408752143,-2.100567732695325,-10.146827697921733,348.95,256.83340417476853,1120,0,0.0,0.8,0.07779264450073242,1.8258588314056396,0.006408333,-0.018142749,0.011228883,-6.06966037401588,0.0,348.95,40000,7.2394914627075195,0.0028975497707456194,0.001916964950563263,-5.936576314499,0.0,86.4
134,10.463683605194092,-6.453445338986336,2.2000264165038868,-2.3484118158446,-10.125238224404365,581.35,324.1645839693164,1540,0,0.0,0.8,0.08286595344543457,1.812492847442627,0.0065210504,0.013255571,-0.015607649,-6.108038870512926,0.0,581.35,40000,6.951131343841553,0.0021575310527350957,0.0015809418084916241,-5.808320755121123,0.0,0.0
135,10.460649490356445,-5.868450577969955,2.1937738932824997,-2.3170376532910697,-10.098515930216044,339.3,265.87875056122857,1270,0,0.0,1.0,0.07671165466308594,1.78822660446167,0.009897961,-0.020398295,0.012136559,-6.084080041258629,0.0,339.3,40000,7.0891194343566895,0.0036866229883975488,0.0028547339436828917,-5.996694493496927,0.0,337.2
136,10.457600355148315,-5.911092662450301,2.2289181182976585,-2.47270302071165,-10.241006244176905,578.35,343.06672455952355,1730,0,0.0,0.8,0.0771644115447998,1.8119254112243652,0.006516423,0.013106787,-0.016585413,-6.0667813033777955,0.0,578.35,40000,7.498098134994507,0.0024550722592716493,0.001828360905741036,-5.843048692847907,0.0,0.0
137,10.198752403259277,-6.124342500341166,2.1580093357111845,-2.0758147879665056,-10.045302363885718,375.4,274.1073512330525,1100,0,0.0,1.0,0.07700896263122559,1.7733020782470703,0.00998426,-0.022435756,0.014592509,-6.072537423074133,0.0,375.4,40000,7.420008182525635,0.0025783146940540087,0.0019125467297151262,-6.043708228782138,0.0,512.8
138,10.266789436340332,-6.083279798455476,2.2366828228453284,-2.259802444357404,-10.09714064376952,713.1,389.2497784199755,1610,0,0.0,0.8,0.08028936386108398,1.816298007965088,0.006460375,0.013489532,-0.015391937,-6.073611660612268,0.0,713.1,40000,7.477510929107666,0.002355755863765029,0.001749375483985264,-5.9019892574710635,0.0,21.6
139,10.501555919647217,-5.721314666920441,2.1867442323920168,-2.3055172447924486,-10.093541117085445,485.15,317.37671228368345,1730,0,0.0,0.8,0.07769083976745605,1.7843694686889648,0.0064049414,-0.0178282,0.0109200105,-6.0383819612430845,0.0,485.15,40000,7.109548091888428,0.00279428516218492,0.001953576291062623,-6.049879391895135,0.0,503.6
140,10.414488554000854,-6.145843954162615,2.27408942416659,-2.164458589527248,-10.480108385910846,737.45,383.3862249742418,1760,10,0.0,0.8,0.07894492149353027,1.862856388092041,0.0064103897,0.013217144,-0.01577813,-6.049128160535037,0.0,737.45,40000,7.337763547897339,0.0035795946023429027,0.0031541397776977324,-5.896790583932079,0.0,24.4
141,10.180725336074829,-6.105888994544655,2.23254776642274,-2.2572136941441188,-10.168460204287264,442.55,314.03661808776377,1570,0,0.0,1.0,0.07755732536315918,1.8196005821228027,0.009997795,-0.021134935,0.014021111,-6.054804243935999,0.0,442.55,40000,7.444834232330322,0.0039651600628054316,0.0017403261994990225,-6.088303528901305,0.0,623.6
142,10.254334211349487,-6.393218201060104,2.4183571829716604,-2.2594232430560255,-10.363991149612733,765.6,394.0604522151392,1770,30,0.0,0.8,0.0819237232208252,1.794283390045166,0.006420752,0.0122716045,-0.015478818,-6.08864563964841,0.0,765.6,40000,7.29386568069458,0.0019384616272804442,0.0016439707662080215,-5.945479100839102,0.0,259.6
143,10.408312797546387,-6.1410438404438965,2.310860536039491,-2.323654755630597,-10.34394882106474,497.95,329.81555072494683,1470,0,0.0,1.0,0.07583189010620117,1.7888157367706299,0.009917355,-0.022780294,0.014726467,-6.093885459727959,0.0,497.95,40000,6.915900945663452,0.0024412084536971634,0.0016408949067051911,-6.136780582632403,0.0,732.0
144,10.260327100753784,-6.205125527564883,2.331993305359714,-2.290782946501306,-10.592948266215455,871.5,452.95446791040706,1840,0,0.0,0.8,0.08012533187866211,1.7950787544250488,0.006494853,0.01385644,-0.015997188,-6.105009466511651,0.0,871.5,40000,6.690369606018066,0.0018077061969944863,0.001451310982595762,-6.007075726959994,0.0,420.0
145,10.559909582138062,-5.998893643500001,2.361201251872036,-2.2110654015151696,-10.218464921242226,573.75,314.57024255323324,1310,0,0.0,0.8,0.07901906967163086,1.8009235858917236,0.0064688055,0.013746312,-0.01565374,-6.094397884210487,0.0,573.75,40000,7.140789031982422,0.0021969860817127873,0.0018287196429837907,-5.857304661584071,0.0,0.0
146,10.36159896850586,-5.944879823187185,2.161423340267553,-2.21371058434736,-10.250995374479878,307.5,261.09337410206336,1270,0,0.0,0.8,0.07553768157958984,1.823625087738037,0.006418847,-0.017658716,0.010234631,-6.079446078108157,0.0,307.5,40000,7.0076658725738525,0.0028171855638701184,0.001984711959418214,-6.004971550976045,0.0,391.2
147,10.35900616645813,-5.926905586145774,2.2971551082730883,-2.1240112744434296,-10.49974231214892,564.55,370.0416159028603,1570,0,0.0,0.8,0.08021426200866699,1.8319907188415527,0.0064535006,0.011091175,-0.0158126,-6.064192028911918,0.0,564.55,40000,7.1851396560668945,0.0021993928929345116,0.0018343147552641408,-5.861797670888189,0.0,0.0
148,10.37732219696045,-5.6032464928748675,2.146740779819734,-2.253285841446203,-10.0366590391075,318.9,262.5257892093651,1290,0,0.0,1.0,0.07805037498474121,1.7887647151947021,0.009991605,-0.022444053,0.012464861,-6.018097475308213,0.0,318.9,40000,7.124408483505249,0.00266478083550648,0.002139065564159329,-6.049058686157588,0.0,438.8
149,10.465417385101318,-6.29902606583963,2.1573341187130106,-2.516200011795364,-10.311441863294847,648.85,390.08611549246405,1790,0,0.0,0.8,0.07631611824035645,1.8522942066192627,0.006470021,0.012099313,-0.015983747,-6.046190334361355,0.0,648.85,40000,7.295826196670532,0.0021734674336673027,0.0015822420808549,-5.908540779542635,0.0,0.0
150,10.256479501724243,-5.964062480100995,2.216838833850845,-2.330784913449524,-10.123167328371968,400.05,285.51969721894847,1190,0,0.0,1.0,0.07709836959838867,1.8236181735992432,0.0099138925,-0.020953694,0.0143871065,-6.037977548935319,0.0,400.05,40000,7.320713996887207,0.002799528343001441,0.001571550717350106,-6.089659246750459,0.0,589.6
151,10.458832740783691,-6.246290686649559,2.355134373247892,-2.265537059121083,-10.35631247689763,685.5,362.8798010361007,1610,0,0.0,0.8,0.07608461380004883,1.7947750091552734,0.006482335,0.012538619,-0.015451162,-6.058808862706743,0.0,685.5,40000,7.320115804672241,0.0020708247568106313,0.0017524661002104808,-5.947337448327264,0.0,118.0
152,10.15548586845398,-5.778675287439892,2.145159430441601,-2.3641644688331334,-10.184365750935875,442.7,304.44492112695855,1240,0,0.0,1.0,0.07637357711791992,1.808037281036377,0.009921009,-0.021945562,0.013876548,-6.030795505180058,0.0,442.7,40000,7.358806610107422,0.0026890270320665925,0.0017033688716627745,-6.125981809004372,0.0,680.4
153,10.273091793060303,-6.1111432282222,2.274028951335883,-2.385839029023642,-10.447603765988353,766.05,412.3177142689846,1910,0,0.0,1.0,0.07887578010559082,1.8257410526275635,0.009945699,0.015551687,-0.019467246,-6.038830277484273,0.0,766.05,40000,7.491799592971802,0.002433937874147653,0.001794955107555168,-5.93912503598667,0.0,93.6
154,10.36161494255066,-6.106824760989441,2.2635888940096858,-2.1879585300030158,-10.453282646839854,468.8,324.736139042146,1620,0,0.0,1.0,0.07675004005432129,1.761526107788086,0.0099639855,-0.022534154,0.01255308,-6.0456297258347895,0.0,468.8,40000,7.3314948081970215,0.002266612465912825,0.0019353725793564108,-6.119100818860379,0.0,672.0
155,10.261266231536865,-6.292349997233236,2.2363795226534036,-2.3256377748035955,-10.57586190097712,791.15,415.7814059094033,1830,0,0.0,0.8,0.07792472839355469,1.7570068836212158,0.0064072264,0.013815149,-0.016300246,-6.070301752974634,0.0,791.15,40000,7.167896032333374,0.0018487293385199943,0.0015527812516042815,-5.980708722727973,0.0,322.4
156,10.1602144241333,-6.140397548164086,2.392100102326014,-2.3391797786810495,-10.426444306947001,501.3,320.9288238846738,1800,0,0.0,0.8,0.07574343681335449,1.8031494617462158,0.006453935,0.012555046,-0.015401425,-6.077311332493579,0.0,501.3,40000,7.044062852859497,0.0018321686003544596,0.0015933397835766535,-5.8513263507386055,0.0,0.0
157,10.462761640548706,-6.106759217395929,2.2755449573116664,-2.0701256284507363,-10.01409699593644,297.25,242.43336713414678,1000,0,0.0,1.0,0.07679963111877441,1.7764906883239746,0.009855402,-0.022550572,0.013039973,-6.080256120983814,0.0,297.25,40000,7.439647197723389,0.0019425483398907665,0.0017285199397239581,-6.029762918335714,0.0,490.0
158,10.27424931526184,-6.237452106884189,2.2760924827626754,-2.1725538926173176,-10.198420351215972,592.8,363.3746826624001,1540,0,0.0,0.8,0.07624459266662598,1.7426800727844238,0.0064672446,0.01277484,-0.014986513,-6.095975719573852,0.0,592.8,40000,7.318165063858032,0.0019029838615692496,0.0018686719630701587,-5.902794155830592,0.0,38.8
159,10.256629467010498,-6.045693571264411,2.287304226257989,-2.3334866996188213,-10.2007152345134,365.05,302.8828114964598,1450,0,0.0,1.0,0.07716941833496094,1.773322582244873,0.009889267,-0.02147347,0.013298938,-6.090947504742908,0.0,365.05,40000,7.045707941055298,0.002878858091071658,0.001791883470967692,-6.114468412580177,0.0,654.8
160,10.257405757904053,-6.439995875884054,2.328099373878833,-1.915943444599499,-10.445384670949405,723.6,393.42729951034147,1850,0,0.0,0.8,0.08058547973632812,1.7780463695526123,0.00646943,0.0129833175,-0.016021922,-6.125852341857023,0.0,723.6,40000,7.24652099609375,0.002657274609818146,0.002114780728623461,-5.959916182557042,0.0,309.6
161,10.390753984451294,-6.440046580129811,2.2944944728437755,-2.018539304033266,-10.340657640306462,451.5,335.48137057070693,1490,0,0.0,1.0,0.07661700248718262,1.79008150100708,0.009693849,-0.022526845,0.013244295,-6.1572717656843015,0.0,451.5,40000,7.0301477909088135,0.0019134929042183798,0.001560564421185258,-6.136547300413379,0.0,714.0
162,10.369462490081787,-6.186226806118135,2.2990353515147524,-2.2071143372648807,-10.51473175613137,717.15,424.1407519916001,1990,0,0.0,0.8,0.08037471771240234,1.8007497787475586,0.0064435564,0.012883598,-0.014901446,-6.160167269727685,0.0,717.15,40000,7.022376775741577,0.0022139145531948827,0.0017142645212800272,-5.996293044120108,0.0,363.2
163,10.36682677268982,-6.134843042163291,2.364447179855418,-2.1003688562771115,-10.44304283843391,484.1,338.8911182076037,1500,0,0.0,1.0,0.07662606239318848,1.8872082233428955,0.009891542,-0.021863401,0.014230695,-6.157634846971246,0.0,484.1,40000,7.391340255737305,0.0015781562117027847,0.001499666291416913,-6.1786220488176795,0.0,805.2
164,10.552491188049316,-5.826366299174058,2.3614669748767465,-2.275335679572876,-10.509286013093135,780.35,426.78258809375063,2020,0,0.0,0.8,0.0782780647277832,1.8882644176483154,0.0065045943,0.013444722,-0.01558572,-6.1245079921915275,0.0,780.35,40000,7.287492752075195,0.002365979107918782,0.0016678405215778765,-6.030132306218701,0.0,460.4
165,10.25800108909607,-5.955943373725379,2.2088035055800836,-2.182401176119603,-10.497010053604114,580.15,384.0696258492722,1820,0,0.0,0.8,0.07831096649169922,1.8546595573425293,0.0064675882,0.0127847865,-0.015501984,-6.107651530344913,0.0,580.15,40000,7.31794285774231,0.001959514622627209,0.0016640322907782357,-5.887976899984546,0.0,31.6
166,10.354325771331787,-5.746439708402159,2.078519739788103,-2.062122860600698,-10.351643973642238,351.15,283.55630393274635,1400,0,0.0,1.0,0.07779455184936523,1.8222389221191406,0.009932972,-0.02199646,0.013927612,-6.071530348150637,0.0,351.15,40000,6.86201286315918,0.0022934674629077646,0.0020672089805477403,-6.069670453166516,0.0,548.8
167,10.266018390655518,-6.5767332104172365,2.3771995492178184,-2.242989235519189,-10.397993715130044,625.5,372.1743543018514,1650,0,0.0,0.8,0.07646703720092773,1.812915563583374,0.0064423117,0.010825518,-0.014982487,-6.122050634377297,0.0,625.5,40000,7.221113920211792,0.002898636703121492,0.0015861976464549255,-5.932456184859615,0.0,258.8
168,10.15558123588562,-5.898196349801733,2.1895348693626913,-2.108693102698476,-9.76380805444064,375.8,288.7704278488364,1380,0,0.0,1.0,0.0763552188873291,1.7887415885925293,0.009930457,-0.02157786,0.013134662,-6.099665205919742,0.0,375.8,40000,7.293845176696777,0.0033955069445761165,0.0022289234936767,-6.100987425599678,0.0,634.0
169,10.3798668384552,-6.179718976285009,2.3535174650756643,-2.2166880828786235,-10.377483425222843,696.65,372.40069481675243,1790,0,0.0,0.8,0.08034396171569824,1.7718896865844727,0.006490803,0.012004886,-0.01599028,-6.107670582956269,0.0,696.65,40000,7.304240703582764,0.002196364319381781,0.0017291267865323925,-5.966568298801949,0.0,305.6
170,10.361028909683228,-5.885550551438738,2.3780248116823284,-2.079398644591439,-10.47598907144554,421.2,294.91958225929994,1270,0,0.0,1.0,0.07598280906677246,1.7777092456817627,0.009969544,-0.022202298,0.013582098,-6.0854585798045155,0.0,421.2,40000,7.272433280944824,0.0022798891430565334,0.002036789660259534,-6.1541739612970785,0.0,728.4
171,10.287093877792358,-6.474870953776181,2.342552849138895,-2.3958743266767333,-10.584378125822235,804.9,393.2149412217191,1750,0,0.0,0.8,0.07956171035766602,1.7479431629180908,0.0064367815,0.013648389,-0.015558713,-6.124399817201683,0.0,804.9,40000,7.247662305831909,0.002413777514961296,0.0015102273595194384,-6.012853390713877,0.0,424.4
172,10.296231031417847,-5.810849404550461,2.207742143009383,-2.340554670244904,-10.078371683333875,490.2,313.82950785418507,1460,0,0.0,0.8,0.07664752006530762,1.7684025764465332,0.006438842,-0.0181265,0.010543087,-6.09304477593656,0.0,490.2,40000,7.350107669830322,0.0025646598425098613,0.002000238846901851,-6.16643463954372,0.0,768.4
173,10.403307437896729,-6.40945002649574,2.2634228095068196,-2.3811769226588835,-10.48245848849924,811.35,427.3636361460811,1890,0,0.0,0.8,0.0767064094543457,1.769042730331421,0.006415349,0.012734329,-0.015803978,-6.124685300992478,0.0,811.35,40000,7.304235458374023,0.0028513280650709323,0.001476420133239874,-6.023191429539996,0.0,432.8
174,10.156650304794312,-5.910530363530611,2.339321673209234,-1.9692116855412267,-10.276137428102789,483.65,339.51609313845495,1590,0,0.0,0.8,0.07794451713562012,1.7733027935028076,0.0064003356,-0.018711526,0.010460596,-6.103269807246292,0.0,483.65,40000,7.364321947097778,0.0020708745377538665,0.001809380452603013,-6.174859276070349,0.0,795.6
175,10.498219966888428,-6.418812964301974,2.3430703766210694,-2.2255540799274782,-10.50069351426367,817.3,465.6304435923408,1950,0,0.0,0.8,0.0766911506652832,1.7693684101104736,0.006436428,0.012876526,-0.015888177,-6.13482412295186,0.0,817.3,40000,7.3174004554748535,0.001681501626593452,0.0015507079516871615,-6.035279906517754,0.0,462.4
176,10.370148658752441,-5.9563981418391165,2.259836341764315,-2.130393662493917,-10.48418270857566,514.95,358.24711792281033,1600,0,0.0,0.8,0.0822901725769043,1.8144266605377197,0.0064648027,0.012568508,-0.015849633,-6.116981524840586,0.0,514.95,40000,6.941304445266724,0.0027307900900788956,0.0019036126190474416,-5.889451912704999,0.0,18.8
177,10.259736776351929,-6.263562491559963,2.2696282570925086,-2.1027929758726867,-10.1168005689591,315.5,255.4911935860021,1070,0,0.0,1.0,0.0808725357055664,1.769111156463623,0.009947462,-0.021705145,0.012806279,-6.131639621512524,0.0,315.5,40000,7.25521445274353,0.0018258697907455293,0.0015950923398700835,-6.059506652888145,0.0,512.8
178,10.385253667831421,-6.155326729408723,2.3721150429035918,-2.343938149059027,-10.4779299283279,601.15,362.9630525273888,1670,0,0.0,0.8,0.07594013214111328,1.7964468002319336,0.0065129623,0.012552871,-0.014966383,-6.134008332302145,0.0,601.15,40000,7.2040979862213135,0.002601556785711021,0.001781259779143435,-5.92816578267184,0.0,105.2
179,10.464396953582764,-5.861458836867136,2.1339615400153966,-2.1229765408950994,-10.3025147433068,342.05,260.5423142217018,1230,0,0.0,1.0,0.08222770690917969,1.8471465110778809,0.00992791,-0.022133768,0.012596151,-6.106753382758644,0.0,342.05,40000,7.2260565757751465,0.0032133529733036777,0.001796234530118372,-6.0998031721737105,0.0,560.8
180,10.26408338546753,-6.207261288942284,2.343690733526802,-2.244670565827531,-10.55823222327358,670.45,388.2451512897489,1730,0,0.0,0.8,0.07796716690063477,1.829770565032959,0.0064459704,0.012432718,-0.015676782,-6.116804173377009,0.0,670.45,40000,7.150407552719116,0.0020303607073555493,0.0015508475805534262,-5.968696717576049,0.0,271.2
181,10.407291650772095,-6.224628873924035,2.2239048341373575,-2.183324911086539,-10.20931340139874,366.4,266.02075107028776,1170,0,0.0,1.0,0.08179569244384766,1.7568082809448242,0.009896737,-0.021303022,0.013786173,-6.127586643431711,0.0,366.4,40000,7.335891008377075,0.0019614679823909188,0.0018060127283455912,-6.144089549706887,0.0,661.2
182,10.601123332977295,-6.1782259919675315,2.2078011409538107,-2.2202812851021574,-10.353482429419495,676.25,364.84577221066985,1570,0,0.0,0.8,0.08057165145874023,1.796888828277588,0.0064787096,0.013136446,-0.016127935,-6.132650578285293,0.0,676.25,40000,7.050834894180298,0.0019968081754465883,0.0016199157147888741,-6.000534632604696,0.0,317.2
183,10.365155220031738,-6.163047094916019,2.263768801272655,-2.290983229892868,-10.445626847486515,438.1,301.70580040827855,1260,0,0.0,1.0,0.07682609558105469,1.7645347118377686,0.009868227,-0.02031918,0.013067371,-6.135690229948366,0.0,438.1,40000,7.151546239852905,0.0030461017392755703,0.002930108655488072,-6.1747216583638815,0.0,705.2
184,10.254482507705688,-6.362581123492938,2.337136530096132,-2.497489121629615,-10.693046328375363,724.8,378.9221028127022,1760,0,0.0,0.8,0.07703566551208496,1.8521575927734375,0.0064056045,0.012070331,-0.016158346,-6.158379319302824,0.0,724.8,40000,7.408486366271973,0.0020597316403815316,0.0015538723385822469,-6.036790102922569,0.0,448.0
185,10.175564289093018,-6.41361246443166,2.319061973791569,-2.2713245127430843,-10.56948557353538,527.75,348.90032602449656,1520,0,0.0,0.8,0.07996273040771484,1.7918148040771484,0.006434488,0.012121974,-0.015032461,-6.183902633815708,0.0,527.75,40000,7.245209217071533,0.0016947145017227768,0.0013315594311522347,-5.895187650085932,0.0,16.8
186,10.355015993118286,-5.72571775260899,2.244039487495206,-2.3541725196171823,-10.232550711549381,291.2,236.5471623165241,1020,0,0.0,1.0,0.08061099052429199,1.8237221240997314,0.009957976,-0.021493467,0.01366759,-6.138084145695037,0.0,291.2,40000,7.3874921798706055,0.0019412339170314877,0.001979316585014852,-6.053374439773351,0.0,458.0
187,10.461466789245605,-6.222517049011096,2.3215975839790484,-2.263283483967811,-10.473455882697307,590.95,333.653409243784,1770,0,0.0,0.8,0.07634639739990234,1.786912441253662,0.0064446144,0.0119083,-0.016115246,-6.146527436026642,0.0,590.95,40000,7.3354058265686035,0.0017487528143542192,0.001623366896604167,-5.907117537405054,0.0,12.4
188,10.45789098739624,-6.085653606063304,2.1623119337551864,-1.9294999471254528,-10.300134240768818,367.55,262.7498763082487,1220,0,0.0,0.8,0.0834355354309082,1.8093235492706299,0.006431781,-0.017035257,0.010549524,-6.140440053030308,0.0,367.55,40000,7.227776050567627,0.0019459923092484935,0.0017811620349067897,-6.03522666479842,0.0,386.4
189,9.95563554763794,-6.031002279584136,2.3853459965751744,-2.2543628778616824,-10.499132343952494,592.85,361.1016165845841,1710,0,0.0,0.8,0.08133673667907715,1.787505865097046,0.0064507728,0.013401463,-0.016418336,-6.129496275685691,0.0,592.85,40000,7.130807161331177,0.0020524593964318556,0.0017838035985065018,-5.905462789944608,0.0,30.4
190,10.253854990005493,-5.936867267332409,2.2627199738488892,-2.098558597110151,-10.212947630862484,358.95,275.69076426315047,1110,0,0.0,0.8,0.07658934593200684,1.7539324760437012,0.0064107925,-0.017649164,0.011441981,-6.110233374850362,0.0,358.95,40000,7.272991418838501,0.0024153970294568472,0.002104320544560882,-6.05174502584429,0.0,448.4
191,10.288407802581787,-6.241615200709994,2.3954302195335377,-2.2028795118152917,-10.62166554326449,564.45,371.3444458989524,1730,0,0.0,0.8,0.07801222801208496,1.800281047821045,0.0064437683,0.011970772,-0.015645485,-6.123371557436326,0.0,564.45,40000,7.389115571975708,0.0027303589058815638,0.0018713986090225605,-5.92604851751322,0.0,69.6
192,10.466266393661499,-5.958246834844751,2.2632871765041123,-2.1970593327641827,-10.069489565966741,368.35,280.3190637470095,1260,0,0.0,0.8,0.0773322582244873,1.8771252632141113,0.0064111,-0.017818797,0.011700928,-6.1068590851771685,0.0,368.35,40000,7.192176580429077,0.0019008493784066487,0.0015204527563641656,-6.060897496332824,0.0,443.2
193,10.057978868484497,-5.992067121561084,2.3487822474690185,-2.173639480990203,-10.433543020138377,589.95,320.98364054886036,1540,0,0.0,0.8,0.07518696784973145,1.7682390213012695,0.0064853006,0.012129177,-0.017037135,-6.095379888815561,0.0,589.95,40000,7.398831367492676,0.002150097387734835,0.0018537822456089997,-5.917626694387272,0.0,26.0
194,10.265414714813232,-6.00804024692081,2.252994787350118,-2.1858943912910247,-10.324307585202481,347.55,258.0494090285812,1190,0,0.0,1.0,0.07817196846008301,1.7841360569000244,0.009809758,-0.022360664,0.013890053,-6.086645924626087,0.0,347.55,40000,7.242957592010498,0.0016655906757933796,0.0016036732135884424,-6.063942596882079,0.0,530.0
195,10.281314373016357,-6.37868082934641,2.195223838397885,-2.174079661788962,-10.273658237364595,630.15,357.87075530140766,1640,0,0.0,0.8,0.07538700103759766,1.7563962936401367,0.0064077727,0.012005571,-0.015653454,-6.115849415098118,0.0,630.15,40000,7.234977722167969,0.0019119476046660852,0.001971303447380752,-5.93387910491519,0.0,266.0
196,10.256107091903687,-5.951668832066622,2.356213513926012,-2.2342207342235936,-10.332647739087546,390.8,302.8140683653915,1300,0,0.0,1.0,0.07801413536071777,1.7566978931427002,0.009827139,-0.020775039,0.012283715,-6.099431356794969,0.0,390.8,40000,7.183129787445068,0.002799128820506057,0.0018218443069802867,-6.104548580416539,0.0,604.8
197,10.255069017410278,-6.1823264273245355,2.228996396028207,-2.3850635828906452,-10.439103869097403,708.55,398.962902410738,1890,0,0.0,0.8,0.08187699317932129,1.7755968570709229,0.0064616804,0.012079622,-0.015550868,-6.107720863847926,0.0,708.55,40000,7.149201154708862,0.002184628129734236,0.0018781896476196148,-5.984395034280502,0.0,428.0
198,10.167247533798218,-6.060567011517262,2.315040276077267,-2.303592717524016,-10.484712073650815,465.0,336.85902095683883,1320,0,0.0,1.0,0.07695364952087402,1.8260822296142578,0.009983308,-0.022016646,0.014995292,-6.103005478614859,0.0,465.0,40000,7.182857275009155,0.0017685925130437416,0.0015204523401672436,-6.16649948074867,0.0,711.6
199,10.257206916809082,-6.180888568339631,2.429492375471655,-2.2794519128432107,-10.544228348708309,727.75,423.8790364007166,1930,0,0.0,0.8,0.07651758193969727,1.7667250633239746,0.006418056,0.012957932,-0.014774006,-6.110793787587337,0.0,727.75,40000,7.022407531738281,0.001858369085666172,0.0016453830090246706,-6.049839813852125,0.0,541.2
200,10.391709566116333,-5.930887128590843,2.3176661839590387,-2.3248949623216,-10.482853732002953,540.85,422.2366368518961,1690,0,0.0,0.8,0.07938027381896973,1.8284850120544434,0.0064598755,0.013209706,-0.015010207,-6.0928031216876875,0.0,540.85,40000,7.350629091262817,0.0019965021522239954,0.002200802175536643,-5.915578967484248,0.0,320.4
201,10.252923727035522,-5.916117730476194,2.387599016543368,-2.176121599860088,-10.15937828917351,316.05,282.6285503978676,1040,0,0.0,1.0,0.08365845680236816,1.7556767463684082,0.009918031,-0.022000073,0.013667161,-6.075134582566538,0.0,316.05,40000,7.160348653793335,0.0025755477161001814,0.0017949234693095143,-6.0906712000314425,0.0,578.4
202,10.26697826385498,-6.2898083888981535,2.2963373045334694,-2.181394377998152,-10.463480498289368,658.9,398.6926008844407,2130,0,0.0,0.8,0.08217334747314453,1.976691484451294,0.0064580627,0.014022559,-0.015539039,-6.0966019631997,0.0,658.9,40000,7.309351921081543,0.0020804281931676694,0.0014504791533517176,-5.943991747682823,0.0,363.2
203,10.271683692932129,-6.088795520110309,2.329738543276312,-2.436004972214012,-10.19403216734982,394.6,325.0905104736218,1480,0,0.0,0.8,0.07626056671142578,1.7739429473876953,0.00644479,-0.01736144,0.009178068,-6.095821318890761,0.0,394.6,40000,7.287972927093506,0.0018598379498081443,0.0015853839984231162,-6.057746594291334,0.0,543.6
204,10.369014263153076,-6.116706166555393,2.3750122776972065,-2.2754852949780884,-10.267465239030942,577.55,390.4875126044365,1610,0,0.0,1.0,0.07655692100524902,1.8111627101898193,0.009892397,0.014792786,-0.0182787,-6.097909803657224,0.0,577.55,40000,6.990127086639404,0.0018779168435978846,0.0016164041198183721,-5.890575997001064,0.0,94.0
205,10.570703029632568,-5.9835313466532885,2.3209351561424922,-2.269732603785145,-10.32822637620015,351.15,281.7697242430421,1270,0,0.0,0.8,0.07695627212524414,1.8214313983917236,0.0064445417,-0.017730648,0.01100042,-6.086471957956831,0.0,351.15,40000,7.180457353591919,0.0016885296082016724,0.0016091396312514444,-6.021042054824681,0.0,464.8
206,10.538466691970825,-6.142637366081098,2.424745105553146,-2.4725491801124697,-10.417298832596014,557.95,363.40376649121293,1620,0,0.0,0.8,0.07580971717834473,1.76251220703125,0.0064802305,0.012240651,-0.015317539,-6.092088498769257,0.0,557.95,40000,7.200809717178345,0.0028640360074409536,0.001992921342807208,-5.89951653839374,0.0,90.4
207,10.278113603591919,-6.055203153836739,2.3551126387188166,-2.2350946062133725,-10.250572950332101,360.1,262.1640516928284,1190,0,0.0,1.0,0.07680130004882812,1.7424168586730957,0.009977668,-0.022285756,0.014838649,-6.088399964276006,0.0,360.1,40000,7.257236480712891,0.0019465114099871026,0.0017817121564023077,-6.054482624647228,0.0,540.8
208,10.360630750656128,-6.332793113561386,2.2973163524637528,-2.274719230412993,-10.601316508119096,646.5,382.54509538092367,1710,0,0.0,1.0,0.0754384994506836,1.7426655292510986,0.009871921,0.015508875,-0.01888698,-6.112839279204543,0.0,646.5,40000,7.313285827636719,0.0017039822000929168,0.001468396410723102,-5.90191365334724,0.0,127.6
209,10.159330368041992,-6.375056442461352,2.211688414661678,-2.068331843831697,-10.433015348573848,381.65,298.4020400399434,1280,0,0.0,1.0,0.08027863502502441,1.821197271347046,0.009899104,-0.021230252,0.013206028,-6.139060995530224,0.0,381.65,40000,7.213461875915527,0.0022928235065404205,0.0017284896821420266,-6.04625790375498,0.0,516.0
210,10.273872137069702,-6.513986706829478,2.3789467054550357,-2.1901195627947665,-10.728602466020295,662.75,366.7791399466442,1770,0,0.0,1.0,0.07504081726074219,1.7432739734649658,0.0099667385,0.01536041,-0.020562569,-6.17655356666015,0.0,662.75,40000,6.5636372566223145,0.001664233287045215,0.0012985739066308434,-5.8846947272787675,0.0,66.0
211,10.16541337966919,-6.053089227042189,2.2412361222295325,-2.1370150844231044,-10.238779326233264,378.95,267.7450232964191,1320,0,0.0,1.0,0.0771939754486084,1.7632195949554443,0.009873205,-0.0217908,0.013278761,-6.164207132698354,0.0,378.95,40000,6.86983323097229,0.002067759126311444,0.0016778268960567346,-6.043602393648706,0.0,479.6
212,10.203711986541748,-6.232932717951842,2.3851872984385944,-2.3455283682162853,-10.425096110529125,700.7,362.67548855691916,1660,0,0.0,0.8,0.08029437065124512,1.7737879753112793,0.0064156745,0.01278725,-0.015907886,-6.171079691223703,0.0,700.7,40000,7.278219223022461,0.0018914722762576727,0.0017609863122086122,-5.907461719682539,0.0,132.4
213,10.314119815826416,-6.100617588393557,2.0904153308587734,-2.4045482515000054,-10.271312792245142,437.35,309.2013542984571,1600,0,0.0,0.8,0.07758665084838867,1.7584202289581299,0.006441469,-0.017233793,0.011591692,-6.164033480940689,0.0,437.35,40000,6.983393907546997,0.001617668185531668,0.0014742974012506664,-6.043539066877858,0.0,422.8
214,10.263728380203247,-6.292359736145202,2.3589880965648353,-2.207692902835315,-10.454206895140025,691.9,405.1078745223301,1830,0,0.0,1.0,0.07700228691101074,1.798537254333496,0.009964336,0.015113289,-0.019767087,-6.17686610646114,0.0,691.9,40000,7.212587594985962,0.0020909161832893524,0.0017199776669677579,-5.894683240144457,0.0,80.8
215,10.216559171676636,-5.729228196078439,2.1888964137880205,-2.2002417943551227,-10.18456302454934,362.2,250.0803071015389,1410,0,0.0,0.8,0.07880091667175293,1.7989630699157715,0.0064394088,-0.016988901,0.009380161,-6.13210231542287,0.0,362.2,40000,6.9684059619903564,0.0019164477431655059,0.0016433729457625453,-6.025345977147279,0.0,388.0
216,10.264881372451782,-5.914828098312853,2.277588514468585,-2.635217501406924,-10.263656059285474,582.3,339.0379182333445,1720,0,0.0,0.8,0.07906746864318848,1.7743499279022217,0.00646454,0.012102194,-0.014947891,-6.110374893711868,0.0,582.3,40000,7.117255687713623,0.0018096224406295488,0.0014952332103564516,-5.907056504679611,0.0,86.8
217,10.054962873458862,-6.1582187563055095,2.2307255417017706,-2.387066704962758,-10.239980769804852,441.45,296.17123003424894,1460,0,0.0,0.8,0.07694268226623535,1.7949180603027344,0.0064103836,-0.017690415,0.012536608,-6.115159279971232,0.0,441.45,40000,7.055704832077026,0.0017583488609145372,0.0015288341318053054,-6.0341634905655175,0.0,415.6
218,10.359358549118042,-6.039807146733818,2.2211579710734455,-2.407598565626012,-10.406242010214681,660.75,369.53069899536086,1670,0,0.0,0.8,0.08078217506408691,1.7805523872375488,0.006422859,0.012150849,-0.0161519,-6.107624066647491,0.0,660.75,40000,7.123459815979004,0.0016388321724049222,0.0017677824071353487,-5.9037098034659286,0.0,58.4
219,10.619213819503784,-5.937015435174815,2.264524811026522,-2.297250084479204,-10.18711792921859,419.5,276.0883010922411,1340,0,0.0,0.8,0.07605218887329102,1.7984249591827393,0.006413617,-0.017336745,0.011444621,-6.090563203500222,0.0,419.5,40000,6.996998071670532,0.0022742913585078023,0.0016080324887155176,-6.0337577233540864,0.0,402.4
220,10.261082649230957,-6.373584270373567,2.1121629749425153,-2.3829573070537187,-10.30058697541334,696.85,367.00214917626846,1730,0,0.0,0.8,0.07841849327087402,1.8159329891204834,0.0064292746,0.01178479,-0.015793659,-6.118865310187557,0.0,696.85,40000,7.051047086715698,0.0017652471678070933,0.0015738886907600788,-5.909697882958343,0.0,72.0
221,10.177995443344116,-6.136433643081485,2.376401595773946,-2.0982941394411645,-10.163247216530316,401.55,242.73050385149372,950,0,0.0,1.0,0.08009052276611328,1.846421480178833,0.009827434,-0.02208728,0.014245015,-6.12062214347695,0.0,401.55,40000,7.067891836166382,0.0016599204918184677,0.0014489142052142405,-6.065882769411055,0.0,435.6
222,10.286822080612183,-6.353549193875954,2.2045981783814903,-2.5057572338803418,-10.551226788655516,763.5,384.7398471694867,1740,0,0.0,0.8,0.07873010635375977,1.8010399341583252,0.0064274324,0.0124628,-0.01573028,-6.14391484851685,0.0,763.5,40000,7.371946573257446,0.0019133983800660667,0.0018392464679968126,-5.95289336735502,0.0,158.0
223,10.163453340530396,-5.926714173365887,2.269103555247182,-2.256294292887888,-10.137276887326058,461.9,290.3883434299662,1230,0,0.0,0.8,0.07663130760192871,1.7864105701446533,0.0064601824,-0.017543493,0.010726201,-6.122194781001754,0.0,461.9,40000,7.414914608001709,0.0018100325879615567,0.0017076471129675915,-6.082864856594847,0.0,467.2
224,10.275738954544067,-6.181373613878077,2.3084494788724297,-2.382714443224822,-10.270637419866155,745.7,363.8042193268242,1630,0,0.0,1.0,0.07858395576477051,1.7873520851135254,0.009979598,0.014369108,-0.020007871,-6.128112664289387,0.0,745.7,40000,7.237321615219116,0.001826868046145478,0.0015348060554442008,-5.93914399624656,0.0,196.0
225,10.323207378387451,-6.204838507341048,2.318484386240805,-2.0607762294476433,-10.382903668461521,408.35,282.49031399324116,1370,0,0.0,1.0,0.0770869255065918,1.7796909809112549,0.0098363375,-0.021020219,0.012473856,-6.135785248594553,0.0,408.35,40000,7.0757482051849365,0.0016496970864698203,0.0018658206774931595,-6.091387104253074,0.0,510.4
226,10.257614850997925,-6.320389229934181,2.282191570352392,-2.478346608290948,-10.593844046967591,724.6,370.0835581324844,1760,0,0.0,1.0,0.0786890983581543,1.8335485458374023,0.009989555,0.014062097,-0.020207206,-6.1542456467285165,0.0,724.6,40000,7.281867504119873,0.0028297138056114445,0.0013770023510465445,-5.932312086943589,0.0,213.2
227,10.300504684448242,-6.12858595405482,2.1716112518364956,-2.1741068885847006,-10.337159906565427,410.45,277.44242195453813,1290,0,0.0,1.0,0.07781505584716797,1.7746517658233643,0.009871916,-0.022258159,0.013779665,-6.151679677461147,0.0,410.45,40000,7.256273031234741,0.002049003004575335,0.0017513883501527711,-6.104819800600418,0.0,532.8
228,10.264626026153564,-6.2074345586201325,2.275151629597138,-2.3514647431751037,-10.365122661410243,715.1,358.099134318976,1680,0,0.0,0.8,0.08059930801391602,1.8617510795593262,0.0064634583,0.011056364,-0.014891141,-6.1572551655770456,0.0,715.1,40000,7.123012065887451,0.002252970284468722,0.002086822481520039,-5.993222321830409,0.0,309.2
229,10.359578609466553,-6.409009043466547,2.309637044681014,-2.239467639003118,-10.455944779379324,483.05,314.51422463856863,1520,0,0.0,0.8,0.07532906532287598,1.776343584060669,0.0064294883,-0.016998714,0.010717805,-6.182430553365996,0.0,483.05,40000,7.372725486755371,0.001892833095176499,0.0016381007396438587,-6.135609843298322,0.0,560.4
230,10.20076036453247,-6.567630105595066,2.390267287224408,-2.3451152938280484,-10.498857500257506,789.95,392.4875762364969,1710,0,0.0,0.8,0.07887387275695801,1.809255599975586,0.0064538103,0.011894543,-0.015752798,-6.220950508588903,0.0,789.95,40000,7.249098777770996,0.0015526872859244947,0.0015126870253391225,-6.018005264910413,0.0,345.2
231,10.359422445297241,-6.2272813565535,2.352502617621222,-2.0842324128668013,-10.128945966363089,483.3,310.94068566207284,1340,0,0.0,1.0,0.07705187797546387,1.7765917778015137,0.009958835,-0.02164796,0.014049239,-6.221583593385363,0.0,483.3,40000,7.267615079879761,0.002473728617000572,0.0014945559941922737,-6.1612136694231765,0.0,609.6
232,10.360107183456421,-6.199263924139951,2.3296067750622504,-2.31490858179019,-10.472620535075734,764.35,380.9351355545981,1750,0,0.0,0.8,0.07718682289123535,1.8341150283813477,0.006431102,0.012572323,-0.015140157,-6.2193516264608215,0.0,764.35,40000,6.9657368659973145,0.001954360807611397,0.0014703499252264197,-6.037712426991954,0.0,370.8
233,10.306421995162964,-6.0621787264858575,2.3463144588656424,-2.4215464196082284,-10.356146396716783,545.45,340.83103951958367,1550,0,0.0,0.8,0.08010196685791016,1.7976624965667725,0.0064766924,0.011646261,-0.016216878,-6.203634336463326,0.0,545.45,40000,7.10644268989563,0.0018280911919085002,0.001995017681506922,-5.906978891010762,0.0,152.8
234,10.306264638900757,-6.100566117054502,2.359628134030153,-2.274495240611551,-10.205697081243438,324.3,269.8305208830165,1470,0,0.0,1.0,0.07654595375061035,1.815544605255127,0.009953567,-0.020433798,0.0136421025,-6.193327514522443,0.0,324.3,40000,6.998075008392334,0.002031707696959911,0.0015827486838702828,-6.059523742201058,0.0,406.8
235,10.523598432540894,-5.977770958677579,2.4329965363149317,-2.199048970978742,-10.410322882145687,590.75,356.6664232865213,1860,0,0.0,0.8,0.07721996307373047,1.8536648750305176,0.006533007,0.010697344,-0.015458833,-6.171771858937957,0.0,590.75,40000,7.239001512527466,0.00214807919952476,0.001601862407561667,-5.9322521908475485,0.0,266.8
236,10.266714096069336,-6.146499422520898,2.3576153876539623,-2.1172993059444867,-10.342144512069474,355.1,266.2010330558467,1320,0,0.0,1.0,0.07635951042175293,1.778202772140503,0.009944866,-0.021687498,0.014170237,-6.169244615296251,0.0,355.1,40000,7.0584588050842285,0.0023687202687536274,0.0019945015644630207,-6.07214887636787,0.0,468.8
237,10.209001541137695,-6.207113412593463,2.3408165267858725,-2.299588085093971,-10.490917500011218,697.4,373.2736797578956,1740,0,0.0,0.8,0.07529067993164062,1.7906742095947266,0.0064686895,0.01297319,-0.015351994,-6.173031495025972,0.0,697.4,40000,7.135965585708618,0.0018061808020950337,0.001722850660337113,-5.95893057538338,0.0,281.6
238,10.26417851448059,-5.922836219022957,2.1609756241340374,-2.3785943170169825,-10.21972285687069,465.8,285.26191473801754,1370,0,0.0,1.0,0.07844400405883789,1.7801520824432373,0.009850308,-0.02142831,0.013801639,-6.1480119674256715,0.0,465.8,40000,7.306472539901733,0.002366874671037458,0.0018788054106771812,-6.108423929522456,0.0,521.6
239,10.26175045967102,-6.102493923237301,2.2023437704703035,-2.3730680765430967,-10.432551170152454,745.4,380.95648045413265,1830,10,0.0,1.0,0.07609033584594727,1.8681271076202393,0.009946766,0.014670387,-0.019073578,-6.143460163006835,0.0,745.4,40000,6.861330032348633,0.0018614833587107288,0.0016271464753467991,-5.958060266752179,0.0,300.4
240,10.2614107131958,-5.885449030545876,2.1871738369297744,-2.255598467349265,-10.24804627285545,417.75,291.14332810490436,1410,0,0.0,1.0,0.07883167266845703,1.809816837310791,0.009986566,-0.021731937,0.013336193,-6.117659049760738,0.0,417.75,40000,6.89151668548584,0.002219231058536924,0.002204496850137895,-6.113120035469993,0.0,530.4
241,10.066018342971802,-6.022130038454379,2.2910834762778274,-2.277345997847062,-10.528025894194867,745.7,373.8549317582958,1710,0,0.0,0.8,0.0794529914855957,1.8246557712554932,0.0064096083,0.011397383,-0.015027934,-6.108106148630102,0.0,745.7,40000,6.7630393505096436,0.002179846118663127,0.001635452078689478,-5.996653551576594,0.0,337.2
242,10.372488498687744,-5.958253825061124,2.281159102365248,-2.2127501131778895,-10.37549892908121,542.55,336.34951687195866,1550,0,0.0,0.8,0.07633495330810547,1.7652359008789062,0.0064114556,0.012694009,-0.015460019,-6.093120916273205,0.0,542.55,40000,7.178321123123169,0.002011611238873775,0.001603916938010273,-5.888907536765634,0.0,193.6
243,10.160797119140625,-6.127162275605077,2.2424789732707873,-2.326611798222006,-10.111740042798159,290.1,261.75941243821586,1340,0,0.0,1.0,0.07695460319519043,1.8350353240966797,0.009981309,-0.020794833,0.012769434,-6.096525052206393,0.0,290.1,40000,7.255417108535767,0.0018169525503223063,0.0016174602872202407,-6.029337126040486,0.0,372.4
244,10.374619245529175,-6.0369911473944855,2.2589484804563393,-2.333711644788733,-10.343285394631495,586.3,373.815877137395,1830,0,0.0,0.8,0.07694387435913086,1.82899808883667,0.006538164,0.011674914,-0.015585265,-6.090571661725202,0.0,586.3,40000,7.341645002365112,0.002030722732297819,0.0016034150750108723,-5.910835002787068,0.0,233.6
245,10.159204006195068,-5.768604980215546,2.2650107529269508,-2.151118462328718,-10.327664413975596,328.45,246.32315664589882,1570,0,0.0,0.8,0.08149242401123047,1.8798532485961914,0.00642199,-0.016860982,0.010113523,-6.058374993574237,0.0,328.45,40000,6.9751105308532715,0.0024249032519916844,0.002042793280884522,-6.026597234792022,0.0,370.0
246,10.159981489181519,-6.176261824303938,2.2293699881550446,-2.2516743839966624,-10.412965328801267,534.9,342.6295229544588,1570,0,0.0,0.8,0.0804436206817627,1.7539358139038086,0.0064614173,0.010569422,-0.015699184,-6.070163676647208,0.0,534.9,40000,6.969379901885986,0.0023302495299108474,0.0019808234734959773,-5.9080190202199425,0.0,222.0
247,10.48026704788208,-6.062885784604194,2.224974364976627,-2.3178086936631237,-10.042765281555843,345.9,255.54684502063412,1050,0,0.0,1.0,0.07843685150146484,1.7664299011230469,0.009843512,-0.019746814,0.012236508,-6.069435887442906,0.0,345.9,40000,7.038613557815552,0.002661590821341746,0.001620106147435663,-6.055938256500011,0.0,406.8
248,10.268643140792847,-6.129589997262854,2.2581986426586407,-2.6533392596589622,-10.301417824513784,644.2,344.1894245905879,1760,0,0.0,0.8,0.07610678672790527,1.759894847869873,0.0064391806,0.0120889535,-0.015629139,-6.075451298424901,0.0,644.2,40000,7.1869425773620605,0.001999900005158506,0.0015030669966894054,-5.939022971477798,0.0,233.2
249,10.40946102142334,-6.293427332650586,2.344402395124482,-2.284353605006979,-10.20124041712045,400.5,289.48877353016644,1330,0,0.0,1.0,0.07758879661560059,1.764002799987793,0.009948352,-0.021008864,0.013407644,-6.09724890184747,0.0,400.5,40000,7.1553099155426025,0.0014249881569679292,0.001324934889593829,-6.076583553156909,0.0,488.0
250,10.579923629760742,-6.347537076193565,2.2456281687591484,-2.485442323023062,-10.313576530730236,684.0,347.1959101141602,1700,0,0.0,1.0,0.08073663711547852,1.8626272678375244,0.009903086,0.014656863,-0.019605963,-6.12227771928208,0.0,684.0,40000,7.177693605422974,0.0016940021045714411,0.0014189084793292184,-5.939273364834253,0.0,243.6
