iteration,time_sampling,stoc_pol_mean,stoc_pol_std,stoc_pol_max,stoc_pol_min,cost_mean,cost_std,cost_max,cost_min,rollout_success,step,time_vpg,time_npg,kl_dist,surr_improvement,surr_cost_improvement,running_score,success_rate,average_cost,num_samples,time_VF,VF_error_before,VF_error_after,time_cost_VF,VF_cost_error_before,VF_cost_error_after,eval_score,eval_success,eval_avg_cost
0,16.16600203514099,-2.1597585517469557,11.320501297221998,73.59892365629193,-8.255414917930349,1.628200000000001,0.3375037184980335,2.5999999999999917,0.49000000000000027,0.0,1.0,0.08151674270629883,2.798722267150879,0.009996434,0.013068311,-0.020609614,-2.1597585517469557,0.0,1.6282000000000008,40000,9.599340200424194,0.9992773176349077,0.7896604180589247,9.585821866989136,1.0142390664410625,0.053951876552232304,-4.16178645174214,0.0,1.6127999999999998
1,16.40110182762146,0.32307866065424407,23.999556029777356,270.01585473450126,-8.797695022797598,1.5324000000000013,0.3763193324824014,2.82,0.2700000000000001,0.0,1.0,0.08408021926879883,2.4689748287200928,0.009923468,0.008655858,-0.021727795,-1.9114748305068359,0.0,1.5324,40000,6.0776686668396,0.8892174781245916,0.7910259378343012,11.847074031829834,0.07631512165560721,0.07362241756897017,-3.786534340096674,0.0,1.4904
2,14.636361598968506,-1.6985867756672752,12.142956799984804,73.42586018506738,-10.605495003252694,1.5166000000000013,0.3277749837922354,2.0400000000000005,0.16,0.0,1.0,0.07471752166748047,2.6197211742401123,0.009991922,0.010593595,-0.021971086,-1.8901860250228797,0.0,1.5166,40000,8.797129392623901,1.0465228388835957,0.756270681585135,12.822628259658813,0.06602288203084765,0.06353996272036735,-3.7218583737113415,0.0,1.3283999999999998
3,14.85424256324768,-0.6674027739733185,17.947525036184544,203.13521092308034,-7.383650805124826,1.3593000000000008,0.36955176903919734,1.9300000000000015,0.0,0.0,0.9,0.08571767807006836,2.7104220390319824,0.008101274,0.0052230824,-0.018965105,-1.7679076999179235,0.0,1.3593000000000002,40000,9.614622592926025,0.8986274522893631,0.8491738415609533,12.226617097854614,0.09803847478227512,0.08183813546469917,-2.8540957493237835,0.0,1.0999999999999999
4,14.445397853851318,0.052331237075477086,19.183089777967172,206.3464234644331,-7.7729269801009915,1.2927000000000008,0.37348053496802247,1.9900000000000013,0.3300000000000001,0.0,1.0,0.1345534324645996,3.002011299133301,0.009942244,0.007494627,-0.021492684,-1.5858838062185834,0.0,1.2927000000000002,40000,9.896676063537598,0.8225895846368131,0.7486906005259213,13.915668249130249,0.10180801430697763,0.10340755673429441,-1.7335815793186307,0.0,0.8351999999999998
5,15.073959112167358,-0.3939093942118643,20.878602107044248,236.81077079131586,-8.13190476322151,1.143750000000001,0.36355527433940527,1.8900000000000015,0.0,0.0,1.0,0.08295774459838867,2.4720911979675293,0.009922555,0.0053658066,-0.021106655,-1.4666863650179116,0.0,1.1437500000000003,40000,11.775047779083252,0.8542166645089223,0.809760379158279,16.693901538848877,0.15148755624359894,0.11468340340129442,-3.4831658884069907,0.0,0.6196
6,14.345680713653564,-2.0930952546611636,9.130404215097284,69.16564620458317,-7.111177520273023,1.1041000000000007,0.3713679980827646,1.8900000000000015,0.0,0.0,1.0,0.10325098037719727,2.707902193069458,0.009875519,0.007117932,-0.02088189,-1.529327253982237,0.0,1.1041,40000,9.12234902381897,0.9752701234177639,0.7299831652403687,16.928850412368774,0.12066036793625612,0.1094571141050563,-3.4660413978176052,0.0,0.5379999999999999
7,15.124133586883545,-3.3421724788999394,6.163366697205164,50.26189273228412,-9.249275343008568,0.9807000000000008,0.3524039017945179,1.8400000000000014,0.08,0.0,0.9,0.09619474411010742,2.557384967803955,0.008102209,0.0042010387,-0.018045673,-1.7106117764740074,0.0,0.9806999999999999,40000,11.535069704055786,0.6953252920617531,0.603072561840431,15.394238233566284,0.1315404511901467,0.12115395073765145,-2.4595871966534744,0.0,0.40399999999999997
8,16.2807195186615,0.322783239005523,22.201870713073944,235.28433842699167,-9.919615813661023,0.9001000000000008,0.3373143785847265,1.7900000000000014,0.0,0.0,0.9,0.08013725280761719,2.9316890239715576,0.0090919435,0.029663794,-0.0071794526,-1.5072722749260543,0.0,0.9001000000000003,40000,12.638772964477539,0.8881493149450307,0.702523062954735,13.304622173309326,0.15886367409802343,0.15075153981545286,-1.4156522393121087,0.0,0.37799999999999995
9,16.034287452697754,-2.9587793992967466,8.890397902890578,80.98565226798738,-8.363436626258625,0.9103000000000006,0.3483373508540251,1.7000000000000013,0.0,0.0,0.9,0.08840203285217285,2.8931329250335693,0.008143973,0.0035714519,-0.018091993,-1.6524229873631235,0.0,0.9102999999999999,40000,17.853857040405273,0.7466081571597357,0.5207151505800337,8.78950572013855,0.15889010431238895,0.15193322920660646,-0.46555448434243957,0.0,0.3579999999999999
10,16.41233229637146,-1.0627022368352308,12.798459381183731,96.42456995221343,-9.16125593797276,0.8286500000000007,0.38291993614853775,1.8300000000000014,0.0,0.0,1.0,0.13751864433288574,2.8082706928253174,0.009959128,0.0037709503,-0.020892547,-1.5934509123103344,0.0,0.8286500000000002,40000,17.10476565361023,0.6641180867209522,0.5375885895197191,6.760911464691162,0.19904833159189728,0.19652600217961516,-2.20750040444612,0.0,0.2644
11,16.61879324913025,-1.9838797160510047,11.906141418304477,85.71845094011756,-9.360989789495067,0.7416000000000005,0.3289413929562532,1.7300000000000013,0.0,0.0,1.0,0.10283946990966797,2.5036091804504395,0.009900455,0.004511992,-0.020429749,-1.6324937926844014,0.0,0.7415999999999997,40000,16.527069330215454,0.6000519316796346,0.5403086083474911,5.82374906539917,0.2217912963886384,0.191227713182635,-3.165991284209161,0.0,0.24599999999999997
12,16.537869215011597,0.0017959832469584569,19.143492636735527,186.24199566590582,-9.136504338278167,0.6674000000000003,0.32269527421392485,1.6700000000000013,0.0,0.0,1.0,0.10888528823852539,2.9807958602905273,0.009920467,0.0047380137,-0.02017452,-1.4690648150912653,0.0,0.6674000000000001,40000,17.072792768478394,0.7091168276152015,0.617540560893895,9.207319498062134,0.22294515529388403,0.22256592393730554,-1.8098498678078776,0.0,0.1804
13,17.46664810180664,-1.739643782947698,12.717666740670964,86.68818678716771,-9.017494352051857,0.5603500000000002,0.321462871106447,1.5600000000000012,0.0,0.0,1.0,0.09296846389770508,2.6825029850006104,0.009945641,0.0044061197,-0.02035446,-1.4961227118769085,0.0,0.5603500000000002,40000,16.184887409210205,0.6970728709289986,0.5075928550563107,8.12027621269226,0.32454202404583177,0.275952205613614,-0.1325958621227454,0.0,0.1444
14,16.564552307128906,-1.3926656763722698,13.087739805355325,86.51893400524371,-11.39208301112298,0.5457000000000003,0.2877698907113114,1.7200000000000013,0.0,0.0,0.81,0.10284709930419922,2.464282989501953,0.008413156,0.012787324,-0.01839984,-1.4857770083264445,0.0,0.5457000000000004,40000,15.692467212677002,0.6220067739306863,0.5495405919720758,6.737373352050781,0.26860941071230077,0.2726036896699525,-0.8050470250748825,0.0,0.08839999999999999
15,15.914643049240112,-0.8449384757657847,15.538235724600042,92.04532297794651,-10.508614862677783,0.4398000000000002,0.2503297025924013,1.1500000000000008,0.0,0.0,0.81,0.09095931053161621,2.728508710861206,0.0083380565,0.015579908,-0.015590375,-1.4216931550703786,0.0,0.43979999999999997,40000,17.198281049728394,0.5500131500011155,0.4432272337382602,7.041988849639893,0.3901748674685414,0.32453963768346433,5.803361885591678,0.0,0.055200000000000006
16,16.909745454788208,-2.3391034966234234,12.068000129916532,87.57189458706003,-8.201670209600156,0.42200000000000015,0.25339889502521534,1.5400000000000011,0.0,0.0,0.9,0.09079718589782715,2.580439805984497,0.009981447,0.024208935,-0.009613072,-1.5134341892256833,0.0,0.4219999999999998,40000,17.89044451713562,0.6723937253873997,0.5454648005511066,8.168859720230103,0.33714757976424337,0.331474085503173,11.402739298127436,0.0,0.054400000000000004
17,17.182366847991943,-0.4654176053937,15.592940792026827,96.85626102465979,-9.092218358174522,0.4251000000000002,0.25981914863997246,1.2300000000000009,0.0,0.0,1.0,0.08753037452697754,2.6323814392089844,0.009952528,0.0045061475,-0.020215312,-1.4086325308424852,0.0,0.42510000000000003,40000,17.165531396865845,0.4886286992478404,0.40853201508868947,7.015623331069946,0.3410761959178173,0.338394705221361,3.678305452848688,0.0,0.0452
18,16.557410717010498,-1.3569244941498977,13.544791513917199,85.59979984384157,-10.477139082890996,0.3431500000000002,0.22873473173088532,1.320000000000001,0.0,0.0,0.9,0.10296916961669922,2.5748188495635986,0.008171487,0.002081273,-0.018174803,-1.4034617271732266,0.0,0.3431499999999998,40000,15.732743978500366,0.5218360369736051,0.42654527394750663,6.774787187576294,0.39443470677545855,0.3838841403756676,6.326021369235983,0.0,0.04
19,16.96604585647583,-2.529115995551731,11.170659213376696,94.1011724006297,-9.091348760715626,0.3165500000000001,0.23565355397277607,1.2100000000000009,0.0,0.0,0.81,0.08961653709411621,3.457237720489502,0.009120791,0.022460448,-0.01112992,-1.5160271540110772,0.0,0.31655,40000,14.05051302909851,0.6339059851287334,0.47729073874527495,6.868618011474609,0.4392971221036756,0.4500752255150743,6.820942965854794,0.0,0.027999999999999997
20,16.68778896331787,-0.5728983146760835,14.377944140734973,83.99817209639608,-13.734160917060992,0.28310000000000013,0.2218837308141362,1.2300000000000009,0.0,0.0,0.9,0.08134150505065918,2.5822031497955322,0.008627773,0.023778096,-0.0060714255,-1.4217142700775778,0.0,0.28310000000000013,40000,15.108953475952148,0.5011755430206092,0.38732030835135794,6.812317371368408,0.4776184381199349,0.43930096231349264,7.822613364759177,0.0,0.044800000000000006
21,16.433757781982422,0.596007766808421,30.197695206492533,318.3385540646894,-10.67005278033717,0.3016000000000001,0.23998008250686156,1.0700000000000007,0.0,0.0,0.9,0.08882784843444824,2.9529030323028564,0.008378019,0.029881738,-0.0026006317,-1.219942066388978,0.0,0.30159999999999976,40000,14.933429956436157,0.7980095648702304,0.53305670352667,5.8348095417022705,0.4588669014083644,0.4515942893146347,7.015382093888271,0.0,0.1096
22,17.716987133026123,4.61621920662495,46.29081694020625,596.2606862725416,-9.427491327602674,0.2793000000000001,0.2225634965577241,1.2100000000000009,0.0,0.0,0.9,0.09475898742675781,2.677708625793457,0.00835894,0.021782164,-0.004021947,-0.6363259390875853,0.0,0.27930000000000005,40000,16.492300987243652,0.7185256209761296,0.5316387701873017,6.742209434509277,0.46998767261115754,0.45548450808461294,6.2365726306857665,0.0,0.0932
23,18.415849447250366,5.263642460420064,27.512126547526304,213.44290790442352,-13.0230002260252,0.2778000000000001,0.21394195474473923,1.1400000000000008,0.0,0.0,1.0,0.10229992866516113,3.0572023391723633,0.009964295,0.02225715,-0.010558246,-0.04632909913682037,0.0,0.2778,40000,14.267832040786743,0.9724136292282274,0.5185164910140384,6.207412481307983,0.46541936580944604,0.46836665044452774,3.9235915624006186,0.0,0.10800000000000001
24,16.711063861846924,1.743181731924659,19.955843682087544,103.88143252140375,-12.832288091415009,0.31470000000000015,0.28684474894967155,1.270000000000001,0.0,0.0,0.9,0.09559321403503418,3.169341802597046,0.008698389,0.022834584,-0.005891729,0.13262198396932756,0.0,0.31470000000000015,40000,14.115973472595215,0.8108616706362083,0.5368421998011808,6.015179634094238,0.535122709301125,0.4799358364014572,8.623246350223289,0.0,0.1188
25,17.82304811477661,3.2711463906690956,20.86436084863208,100.87087570287134,-12.685034613691188,0.31120000000000014,0.2637187137842138,1.390000000000001,0.0,0.0,0.81,0.10703063011169434,3.1377792358398438,0.008134108,0.021502886,-0.009258926,0.44647442463930437,0.0,0.3111999999999999,40000,13.729168176651001,0.551783041185778,0.481398114658464,7.370782852172852,0.4699421858469772,0.47675509296803625,35.06314945217476,4.0,0.14720000000000003
26,17.295642852783203,9.899077312663547,48.51311273756804,400.957486492266,-13.019329845794083,0.3300000000000001,0.2879809021445695,1.2000000000000008,0.0,0.5,1.0,0.09239578247070312,3.5971055030822754,0.00992977,0.0024103683,-0.022224193,1.3917347134417286,0.5,0.33000000000000024,40000,12.49127197265625,0.7745819994875505,0.573274579560619,5.307521820068359,0.4887215950658377,0.4682121585462793,5.00731415340847,0.0,0.08800000000000001
27,18.02391743659973,10.976608208314953,55.27246827969489,484.309597771337,-11.346955059589494,0.2807500000000001,0.2449570115346774,1.260000000000001,0.0,0.5,1.0,0.08065629005432129,2.6071391105651855,0.009970614,0.024488257,-0.002424816,2.350222062929051,0.5,0.28074999999999983,40000,14.49951720237732,0.707500742475789,0.5313387560655976,6.2604820728302,0.5110851821120698,0.5097928961710305,5.823525179263536,0.0,0.11960000000000001
28,17.76746940612793,4.090078911315076,28.521399003933112,289.1440157079179,-11.492441223528859,0.3169500000000001,0.2559144339422849,1.1100000000000008,0.0,0.0,1.0,0.0667104721069336,2.3862218856811523,0.009975017,0.022528978,-0.0017951569,2.5242077477676537,0.0,0.31695000000000023,40000,17.976722717285156,1.175624059433527,0.5781068057413756,5.227013349533081,0.462192093205042,0.4345082290923985,9.75895437058174,0.0,0.0932
29,17.21500039100647,13.382458712576854,67.00069595856942,678.2676004444794,-13.232985380274991,0.25690000000000013,0.24148786719005177,1.2000000000000008,0.0,1.0,1.0,0.09696459770202637,2.68949818611145,0.0099284,0.023231661,-0.0028834809,3.6100328442485736,1.0,0.25689999999999996,40000,14.245169639587402,0.7211812913280712,0.5184359691243672,8.020989418029785,0.5600253152647156,0.5335893419594997,10.907273019906514,0.0,0.19400000000000003
30,18.98883032798767,6.984044294650646,29.510079988748238,212.66795423588178,-12.368337585013661,0.28210000000000013,0.251347548227549,1.350000000000001,0.0,0.0,0.9,0.1566627025604248,3.332209348678589,0.008109078,0.021261293,-0.0023382874,3.947433989288781,0.0,0.2821,40000,11.291701078414917,0.8654892626034277,0.4379057557701434,6.778718948364258,0.5086725060272068,0.4985779291277869,1.69308649618073,0.0,0.1472
31,17.45173978805542,12.501966606277922,37.53296020018489,339.55237601938717,-11.668589916242711,0.27995000000000014,0.25253613107830747,1.280000000000001,0.0,0.0,0.9,0.16881966590881348,3.9828543663024902,0.008149411,0.022508856,-0.0039055634,4.802887250987695,0.0,0.27994999999999987,40000,9.359925270080566,0.5925738875906451,0.4890751344244249,6.390319108963013,0.5211568767293117,0.516078064111571,16.09060940931426,0.0,0.17560000000000003
32,17.589275598526,18.20174577515379,81.95398172924034,1026.914706343418,-12.661223757950431,0.31550000000000017,0.272678840396537,1.270000000000001,0.0,0.5,0.9,0.19463825225830078,3.190497398376465,0.008187801,0.021619365,-0.0024730521,6.142773103404305,0.5,0.31550000000000017,40000,13.253147602081299,0.7288130718620607,0.5653136269974655,4.835279941558838,0.5195429686778233,0.48962168763973357,26.74289106931981,0.0,0.1696
33,17.788970470428467,12.911212816881305,51.45020192215724,486.4807740107736,-15.994577467940418,0.37080000000000013,0.310205351340044,1.500000000000001,0.0,0.5,0.9,0.13742756843566895,2.5389130115509033,0.008120805,0.019911498,-0.0022550523,6.819617074752005,0.5,0.37080000000000013,40000,12.383782148361206,0.9820418994873822,0.5771416794842765,6.216560125350952,0.47729986195705,0.45365394033181944,48.449337649988436,0.0,0.21800000000000008
34,17.94119167327881,35.92358429144261,119.94631665023738,1110.874143875475,-14.948637182095549,0.3704500000000002,0.3249835341982731,1.360000000000001,0.0,2.0,0.9,0.13695502281188965,3.3880627155303955,0.008127249,0.020889426,-0.004800019,9.730013796421066,2.0,0.3704499999999998,40000,10.973676204681396,0.7252668922352381,0.6189138109315536,6.757915496826172,0.4786649331600999,0.4711290982703608,25.999787005474033,0.0,0.2884
35,17.285305738449097,40.08620345790985,159.29416118479347,1609.377405796456,-14.24406847651067,0.4076000000000002,0.31665950167332757,1.6000000000000012,0.0,2.5,0.9,0.11099386215209961,3.459322929382324,0.009213276,0.020439608,-0.012474719,12.765632762569945,2.5,0.4076000000000001,40000,10.792647123336792,0.6749640688620352,0.5779450033527099,5.772325754165649,0.4343763934924732,0.4151246287786765,44.33810825147914,0.0,0.1724
36,18.727805852890015,19.76664164664125,68.62956488409645,541.0533856921061,-14.706767380241013,0.3579000000000002,0.2970060437095517,1.260000000000001,0.0,1.0,1.0,0.12166380882263184,2.6054961681365967,0.009984356,0.02266176,-0.0022582773,13.465733650977077,1.0,0.3579000000000002,40000,12.827481269836426,0.9283396326461799,0.5693789038426157,6.531785726547241,0.46546573334458335,0.45864859460517227,23.41650685926709,0.0,0.2
37,18.31795835494995,27.077233687283627,87.38283449180635,652.25587057296,-14.276691070435483,0.3748500000000001,0.32274289690092356,1.6000000000000012,0.0,2.0,0.9,0.16051077842712402,3.0367352962493896,0.008130563,0.02159733,-0.002545471,14.826883654607732,2.0,0.3748499999999998,40000,11.626225233078003,0.7183952558403672,0.6243489701622054,5.574554681777954,0.4658392587207464,0.4501394583002225,90.2025636660451,8.0,0.2212
38,18.83993697166443,46.871587624796774,171.18438558003567,1421.3388041905778,-14.738939610937788,0.40230000000000016,0.3271401993029902,1.6400000000000012,0.0,4.0,0.9,0.14180397987365723,2.9583241939544678,0.008150504,0.018934501,-0.001433342,18.031354051626636,4.0,0.4023,40000,11.760594367980957,0.7123838893192921,0.5260233843587199,7.133159399032593,0.4472066429291354,0.42742920254529526,41.49702982997061,4.0,0.29479999999999995
39,17.561460733413696,35.974243163858354,115.1932168161411,750.9100453568904,-13.163532452361794,0.3828000000000003,0.31376927829218737,1.340000000000001,0.0,2.5,0.81,0.12216043472290039,3.9681103229522705,0.008431692,0.012596652,-0.018369628,19.82564296284981,2.5,0.38279999999999986,40000,8.25652813911438,0.6324731367095198,0.47884534868314005,6.8591814041137695,0.44140351999847344,0.4385903113292875,83.51551312404088,4.0,0.22440000000000002
40,17.785528421401978,27.676582029862747,107.56209606047963,1243.7620503052706,-13.479816111434653,0.3720500000000001,0.31393518041149854,1.370000000000001,0.0,0.5,0.81,0.15235519409179688,3.985363721847534,0.00821606,0.022699596,-0.009507164,20.610736869551104,0.5,0.3720499999999998,40000,9.341806173324585,0.7361911550719085,0.54134338641067,5.4561872482299805,0.45226568609668294,0.4348103433359451,38.452005842764756,0.0,0.22240000000000001
41,18.257683277130127,42.23717400284235,141.9167338903718,1409.8940609619758,-16.43966127007632,0.3383000000000001,0.2576220293375551,1.2100000000000009,0.0,3.0,0.9,0.07429027557373047,3.200362205505371,0.009588894,0.019289399,-0.013541827,22.773380582880232,3.0,0.33829999999999993,40000,11.20340871810913,0.7150624075738209,0.5685458159435984,6.697540760040283,0.4321800661077477,0.43811883279636615,62.24353100735126,8.0,0.17400000000000002
42,17.405589818954468,40.621329325892155,136.20679406480033,1438.9529772177023,-15.943836981155023,0.29600000000000015,0.291833856843239,1.5900000000000012,0.0,2.5,0.9,0.14279603958129883,3.1566102504730225,0.008484906,0.009227271,-0.018795107,24.558175457181424,2.5,0.29600000000000004,40000,11.638835430145264,0.7110165376961345,0.6070682930792176,5.3506879806518555,0.5544055495310894,0.5193138807540576,34.11558370844367,0.0,0.10880000000000001
43,18.125818014144897,36.5027073283926,100.68744429181089,741.1719926465742,-13.684620907306986,0.27795000000000014,0.2677803157440817,1.2300000000000009,0.0,2.0,1.0,0.13875317573547363,2.889727830886841,0.009961472,0.022029126,-0.002287323,25.752628644302543,2.0,0.27795000000000003,40000,13.396144151687622,0.583879133155319,0.399072598446676,7.8720903396606445,0.5242835209729103,0.5210431200601756,47.32228143210051,4.0,0.15000000000000002
44,20.869658946990967,53.76451655025836,161.5662706509271,1068.8218392463284,-11.076219746426974,0.2595500000000001,0.24982253201022533,0.9800000000000006,0.0,3.5,0.9,0.12474775314331055,3.816842555999756,0.008191591,0.018300239,-0.0019874985,28.553817434898125,3.5,0.25955,40000,9.099016904830933,0.5920863770088606,0.4645885963314615,5.074909925460815,0.5384905997403724,0.5216918493627046,105.96465801965293,4.0,0.15119999999999997
45,18.408994436264038,41.90066205455521,116.58611354713936,827.35348724597,-12.971592820384947,0.25330000000000014,0.23427784786445363,0.9900000000000007,0.0,3.0,0.9,0.1873791217803955,3.252736806869507,0.00818111,0.02183274,-0.0019630769,29.888501896863836,3.0,0.2532999999999999,40000,10.910058736801147,0.7481776118191412,0.5366346474731896,4.6621387004852295,0.5599212273275957,0.5560013658561981,95.61601128162015,8.0,0.1148
46,18.371657609939575,42.535010524386635,127.28161381465826,1042.0827077042302,-14.7162509768233,0.30255000000000015,0.26670957519369287,1.320000000000001,0.0,3.5,0.9,0.1394190788269043,2.9703948497772217,0.0081371125,0.02052306,-0.0026437333,31.15315275961612,3.5,0.30255000000000015,40000,13.1006441116333,0.5729463416113328,0.4543062226865366,5.499300956726074,0.5345367408530426,0.5080636010144242,94.84801406868502,8.0,0.0952
47,18.612016677856445,65.76956337184666,222.03079630177115,2348.6795134564027,-15.05672019106643,0.3436500000000002,0.2928364347208184,1.5600000000000012,0.0,5.5,1.0,0.09232187271118164,3.219933271408081,0.009980739,0.022580722,-0.0037648785,34.614793820839175,5.5,0.3436499999999999,40000,12.00176215171814,0.6928538528992332,0.5852532135788654,5.3665173053741455,0.4549719211381442,0.4098911067832007,155.67990528266958,12.0,0.12119999999999999
48,18.148305892944336,60.226398674851616,184.34770254338622,1759.779617111124,-13.896419163085676,0.32985000000000014,0.2984819550659639,1.430000000000001,0.0,4.0,0.81,0.08413195610046387,2.653794765472412,0.009053047,0.018520167,-0.014862145,37.17595430624042,4.0,0.3298500000000001,40000,14.261957883834839,0.6513965871925964,0.5227863355338992,5.621903657913208,0.4663912785038456,0.4543303988168645,90.76507940411427,4.0,0.0888
49,21.17522621154785,83.17034609581046,194.04511257421936,1385.1563704201023,-13.914661483476348,0.23990000000000009,0.24614830895214385,1.0200000000000007,0.0,6.5,1.0,0.13536524772644043,2.5725760459899902,0.009988049,0.021240424,-0.0038233025,41.77539348519743,6.5,0.2398999999999999,40000,12.43859314918518,0.5795449193388069,0.47193336763826443,7.718234539031982,0.5645985721123757,0.5231312922336491,121.25926157175093,8.0,0.076
50,20.130528688430786,87.57563309465539,243.42616436900812,1706.3943667064038,-13.715387499069827,0.26735000000000014,0.27201558319331653,1.320000000000001,0.0,6.5,1.0,0.08087873458862305,3.120645523071289,0.009918166,0.022053145,-0.002885585,46.35541744614322,6.5,0.26735,40000,10.832680940628052,0.5308300668321366,0.38867603559521163,6.547559022903442,0.5119302837011221,0.4708865167674817,66.46349192062476,8.0,0.0416
51,18.91131830215454,85.78223181447095,196.30279412329259,1239.3564181879074,-14.420919289227509,0.31705000000000017,0.32219838221195357,1.5100000000000011,0.0,7.0,0.9,0.05670785903930664,3.382765769958496,0.008162999,0.020088227,-0.0029158385,50.29809888297599,7.0,0.31705000000000017,40000,11.291642427444458,0.601196040364703,0.4232054319046425,7.167205095291138,0.48719908636997716,0.4583643158502482,107.13776490624733,16.0,0.11800000000000001
52,18.31445026397705,81.63902331555792,214.86076692370852,1488.5658250395009,-15.464530324127729,0.3009500000000001,0.27562582879694003,1.1900000000000008,0.0,8.0,0.9,0.15732383728027344,3.9280996322631836,0.008147493,0.019806592,-0.0034481566,53.43219132623419,8.0,0.3009500000000001,40000,9.464664697647095,0.6868555389378537,0.535954171315743,5.523343563079834,0.4597724044334116,0.4516931944391073,178.72583727776026,12.0,0.06720000000000001
53,19.219724416732788,124.55726406159857,277.25171359194184,1889.8554716099452,-14.718268869550338,0.3291000000000001,0.28890861877071117,1.2100000000000009,0.0,12.0,0.9,0.12267088890075684,3.7637457847595215,0.0081624715,0.01884721,-0.003428931,60.544698599770626,12.0,0.32909999999999995,40000,10.214964389801025,0.5550892426070969,0.4239362455288111,5.356870651245117,0.43274376951383337,0.4263482832571506,163.50144558653005,16.0,0.0776
54,18.107127904891968,108.7368725613843,240.23112906437376,1806.7103891317643,-13.936518356253275,0.35115000000000024,0.3103162540054905,1.5200000000000011,0.0,8.5,0.9,0.14472699165344238,2.916062831878662,0.008126781,0.019594423,-0.002825739,65.36391599593199,8.5,0.35114999999999974,40000,12.073042869567871,0.7445538087185025,0.4244340324555338,7.548357963562012,0.4453798096102432,0.4167089030191892,161.6016737619161,16.0,0.0964
55,20.227097749710083,93.73433269313554,204.46066571193953,1160.733067641026,-12.901986411399257,0.2953000000000001,0.27249570638819265,1.290000000000001,0.0,7.5,0.9,0.062066078186035156,3.4863407611846924,0.008125591,0.019146062,-0.0019293282,68.20095766565235,7.5,0.29530000000000006,40000,11.22694206237793,0.6060751271646773,0.4388978798918544,6.21463680267334,0.4908968916935003,0.47791730172123303,181.37841558698216,24.0,0.1232
56,18.104689598083496,87.30512251731936,171.27401479636532,1081.7499497243698,-16.89899428174169,0.3782500000000002,0.35389890858831446,1.480000000000001,0.0,8.0,0.81,0.1205143928527832,3.7146108150482178,0.008548893,0.01827739,-0.0123483185,70.11137415081906,8.0,0.37825,40000,8.974671125411987,0.6081621664123078,0.42528843458228033,5.744186639785767,0.4732597606342024,0.3693648502785649,224.85307603027607,16.0,0.10999999999999999
57,19.10416078567505,114.30467885539636,263.57859914961625,1611.1660880459694,-14.115190678547016,0.30700000000000016,0.33310959157610603,1.400000000000001,0.0,8.5,1.0,0.18184423446655273,3.8525948524475098,0.009999272,0.020149333,-0.0041409577,74.5307046212768,8.5,0.307,40000,8.707066774368286,0.6260636610288872,0.42296898243041037,6.165958881378174,0.4774012074042933,0.4665759863658066,203.88092938089486,20.0,0.0792
58,20.202320098876953,165.453326611658,324.7370698424073,1761.081815867774,-15.143473992271353,0.30975000000000014,0.3142330942151067,1.340000000000001,0.0,13.0,1.0,0.0572819709777832,3.495954751968384,0.009939201,0.02303927,-0.005599135,83.62296682031491,13.0,0.30974999999999997,40000,11.587139129638672,0.509467047961576,0.3564558364345279,8.744033336639404,0.45099127118620397,0.4497330647466068,360.19630291001914,24.0,0.08399999999999999
59,22.31943130493164,132.59129862448506,223.96135886840176,1559.758769051946,-13.444112150012067,0.3546500000000002,0.3529332479379071,1.500000000000001,0.0,10.0,1.0,0.11970233917236328,3.51969838142395,0.009958577,0.019323621,-0.0031887314,88.51980000073193,10.0,0.3546499999999999,40000,8.91722846031189,0.6919028551914291,0.43661540742277205,5.815414190292358,0.4503648176373579,0.4347407959094952,242.25422578677953,24.0,0.09440000000000001
60,19.372659921646118,148.67018844385825,294.00768074172817,2328.9001691132844,-13.966776144599493,0.32485000000000014,0.325929405700069,1.380000000000001,0.0,13.0,0.9,0.09776067733764648,3.6271562576293945,0.008102235,0.0052320794,-0.021687098,94.53483884504456,13.0,0.32485000000000014,40000,9.034121036529541,0.5398018708014055,0.4189353307314282,5.8913819789886475,0.4949783039506409,0.4730531617996814,242.10622054537262,24.0,0.10400000000000001
61,19.017807960510254,166.02104144228153,311.68888261291835,1721.514740362731,-16.319879362126557,0.33715000000000017,0.33579663116237507,1.370000000000001,0.0,14.0,1.0,0.14916706085205078,3.3460466861724854,0.009966222,0.021001663,-0.004654257,101.68345910476826,14.0,0.33714999999999995,40000,11.538641691207886,0.5412096282105437,0.4208576353999057,4.858296871185303,0.4581936667197613,0.42275850602753673,260.2841356341349,20.0,0.10920000000000002
62,20.57951545715332,152.37518141005347,271.4235769401559,1687.1290590609726,-14.272639488093105,0.3034000000000001,0.31519904822191347,1.450000000000001,0.0,13.5,0.9,0.12102031707763672,3.279517412185669,0.008099131,0.0028271393,-0.020741742,106.75263133529678,13.5,0.3034000000000001,40000,10.893982172012329,0.494299289990821,0.3958639145992344,6.985516548156738,0.4821906956598164,0.483680581460363,214.22729843409488,20.0,0.0524
63,20.3028507232666,161.23681736049687,262.0935995305538,1280.802767764969,-15.425127164485556,0.26745000000000013,0.3133368754232418,1.470000000000001,0.0,18.0,1.0,0.1690044403076172,3.118412971496582,0.00996534,0.020393755,-0.0031327729,112.20104993781679,18.0,0.26745,40000,11.784548282623291,0.42807380392851396,0.3492698091122321,6.075600624084473,0.5023386260582887,0.4615147697783299,337.44549054052624,24.0,0.0704
64,20.864582777023315,202.39599791678847,343.4508351518888,1978.7192013370488,-14.248021940473446,0.26390000000000013,0.2742877868225272,1.410000000000001,0.0,19.5,0.9,0.10640549659729004,2.8514440059661865,0.008172917,0.017875556,-0.002952118,121.22054473571396,19.5,0.26390000000000025,40000,12.453872203826904,0.5127319973831066,0.40135381680916443,5.613357305526733,0.5022951090243107,0.5010527033879422,363.4623184469801,32.0,0.07959999999999999
65,20.094094038009644,245.79450111868468,389.0457545747,1965.6690336481408,-15.94901365972504,0.25295000000000006,0.2656478825437916,1.340000000000001,0.0,23.5,1.0,0.17977499961853027,3.3450982570648193,0.00998779,0.020750437,-0.0038274077,133.67794037401103,23.5,0.25295,40000,11.691243410110474,0.4233541827562386,0.3361868091172786,5.372270107269287,0.516209957862776,0.5129770235829749,241.33086687213458,24.0,0.1008
66,19.432063817977905,232.3758558856679,408.25557024328583,2221.3232412809834,-12.448360116942567,0.27430000000000015,0.272452766548626,1.5100000000000011,0.0,22.5,1.0,0.10045075416564941,3.314674139022827,0.009946359,0.0046667727,-0.023555707,143.54773192517672,22.5,0.27429999999999993,40000,11.524275302886963,0.48862147030288094,0.4074734000343232,5.239985466003418,0.5058657724867895,0.486657972757716,358.98011463933943,28.0,0.0736
67,19.6002414226532,227.5930691466067,404.8225523672948,1959.6035752022826,-14.803144321855859,0.2445000000000001,0.28547110186497004,1.7300000000000013,0.0,19.5,0.9,0.07965230941772461,3.074404716491699,0.008146147,0.017220302,-0.0033943206,151.95226564731973,19.5,0.24449999999999997,40000,10.966004848480225,0.4769692524620022,0.3315825985399001,5.546429395675659,0.5453479319701964,0.5189740691353025,339.31702039573037,32.0,0.08959999999999999
68,20.504740476608276,224.06224778093252,399.4296066631016,2442.8616404896684,-16.545169687859012,0.25915000000000016,0.2936643960373816,1.5600000000000012,0.0,20.0,0.9,0.12232780456542969,3.6882174015045166,0.008167444,0.01905412,-0.0041774963,159.163263860681,20.0,0.2591500000000002,40000,13.669206857681274,0.4459629430357588,0.3668849925435489,6.482786655426025,0.5251576635636209,0.5090059960632243,347.58227136595315,36.0,0.0992
69,20.697638273239136,240.54830913026032,430.9256114532291,1969.5473015118037,-14.790232601655045,0.29255000000000014,0.28371464096870314,1.470000000000001,0.0,20.0,0.81,0.14994168281555176,3.824748992919922,0.0087485965,0.014062701,-0.018666102,167.30176838763893,20.0,0.29255,40000,9.599462032318115,0.5148379588825245,0.4033639855385764,5.520098924636841,0.4915053327564588,0.4828311440788563,320.8006799654158,32.0,0.05720000000000001
70,19.70182156562805,296.6937465706847,466.48574990111206,2355.5607911579095,-14.29997344081355,0.23260000000000008,0.26071102776829386,1.2400000000000009,0.0,27.5,0.9,0.16408467292785645,3.0923848152160645,0.008113225,0.01831998,-0.0027642609,180.2409662059435,27.5,0.23260000000000006,40000,10.508509397506714,0.4025823207091687,0.3150264606412873,4.635089635848999,0.5226153392055559,0.506544707714407,321.82577597234376,32.0,0.0956
71,20.080782175064087,301.7381022467293,450.856325091573,1963.4020029541405,-16.45520256650483,0.2648000000000001,0.26636058266943347,1.450000000000001,0.0,26.5,1.0,0.14164233207702637,2.691657781600952,0.009991482,0.021835135,-0.0039881496,192.39067981002208,26.5,0.2647999999999999,40000,10.411469221115112,0.3629467707112039,0.3053006921608546,5.699383497238159,0.501663707605576,0.4778047380750757,292.366721937552,28.0,0.1372
72,20.842944383621216,338.95744531651127,541.4323361639367,3012.6161142220762,-15.830071617089365,0.24035000000000012,0.2594366541181105,1.370000000000001,0.0,26.5,0.9,0.132828950881958,3.073753833770752,0.008112178,0.017342221,-0.002109967,207.04735636067102,26.5,0.24035,40000,10.559457540512085,0.4012861005199012,0.3119795797012838,5.231510639190674,0.5514967333406754,0.5456485739077616,429.5528500186992,36.0,0.14120000000000002
73,22.948758363723755,389.0536265059233,504.3839159443695,2792.0719596592294,-15.429700072240076,0.28915000000000013,0.29921694052977704,1.8000000000000014,0.0,37.0,0.9,0.10905599594116211,3.0820250511169434,0.008139386,0.017465224,-0.0033759188,225.24798337519627,37.0,0.28915000000000013,40000,11.981874227523804,0.3649073542253495,0.2737320412241582,4.745713710784912,0.5412181178673398,0.49612731754494754,404.8249797336058,36.0,0.10679999999999999
74,21.809473991394043,439.01641934266297,550.5506560307192,2769.089746448691,-16.074777815053068,0.2631500000000001,0.278340757885007,1.300000000000001,0.0,38.0,1.0,0.09667801856994629,2.2299420833587646,0.009956322,0.020187085,-0.004176132,246.62482697194295,38.0,0.26315000000000005,40000,12.663719177246094,0.3374852025757493,0.2770267328060395,5.40673041343689,0.5162460339214344,0.4891451585612168,501.4070197758663,44.0,0.06560000000000002
75,22.722896575927734,334.96589625564224,508.38183593700523,2587.3177242373354,-16.465381965660754,0.2757000000000001,0.2675173078512867,1.460000000000001,0.0,28.5,0.9,0.14437150955200195,3.5482280254364014,0.008137268,0.01900443,-0.00425943,255.4589339003129,28.5,0.27570000000000006,40000,11.174651622772217,0.4557094104072655,0.3212614217172746,4.962697505950928,0.49118329210371425,0.4845272775003429,539.3550991437454,48.0,0.11839999999999998
76,20.340808868408203,414.3896862873515,562.2274904620263,3033.433555693699,-15.641454962108075,0.2546000000000001,0.2385955573769136,1.350000000000001,0.0,37.0,0.9,0.11219143867492676,2.6871089935302734,0.00814555,0.01806626,-0.0043174117,271.3520091390168,37.0,0.2545999999999998,40000,11.090257406234741,0.35337240928016045,0.2889390499943105,5.530612468719482,0.4864373029442107,0.49750431645087795,692.0831699402729,48.0,0.0872
77,22.440269708633423,412.09807163658445,476.71574885835093,2080.3253277758918,-15.022586587066417,0.24850000000000008,0.27544282528321573,1.450000000000001,0.0,38.0,0.9,0.13426423072814941,3.21852970123291,0.008161985,0.018486554,-0.0037588256,285.42661538877354,38.0,0.24850000000000008,40000,13.508102893829346,0.4060637383458188,0.2980600685060901,5.002910852432251,0.560142190281909,0.5376833630870042,679.1325079434956,52.0,0.09040000000000001
78,20.66006374359131,490.002554736085,577.8525297936096,2850.3504610217096,-13.275396769367108,0.24245000000000008,0.24796471019078517,1.2100000000000009,0.0,43.0,0.9,0.17816162109375,3.0635287761688232,0.008111564,0.018306158,-0.0021024887,305.8842093235047,43.0,0.24245000000000008,40000,11.082748413085938,0.3473722952382251,0.2805202409149251,5.038342475891113,0.5248811688292604,0.4908982282233472,749.4816587754476,64.0,0.0808
79,23.502520322799683,509.25065830809945,590.307309692283,3204.964831493775,-17.00214142288322,0.27225000000000016,0.2995470538997173,1.440000000000001,0.0,46.0,0.81,0.11502814292907715,3.7093138694763184,0.008654518,0.018192504,-0.012522467,326.2208542219642,46.0,0.27225000000000016,40000,11.367267608642578,0.33188903172198303,0.28623252629531304,6.216989517211914,0.5182818431188495,0.4966071475847783,966.4998135822419,60.0,0.06840000000000002
80,20.989163637161255,582.7458296582752,645.5133171573212,2287.156315979936,-16.338063202196935,0.23000000000000007,0.25626353622784515,1.6400000000000012,0.0,45.5,1.0,0.11316680908203125,3.406785488128662,0.009984673,0.020087296,-0.0050920052,351.8733517655953,45.5,0.2299999999999999,40000,10.285354614257812,0.30794399650062887,0.2463123457647128,6.1624531745910645,0.5694517812047988,0.5473179858645105,890.8446131091478,64.0,0.09000000000000002
81,21.749472856521606,547.3948964883981,603.869194119665,2368.355324698342,-12.107351650076765,0.2711500000000001,0.27393827315656366,1.1300000000000008,0.0,47.0,1.0,0.06857514381408691,3.8356308937072754,0.009981523,0.00420966,-0.023674099,371.4255062378756,47.0,0.2711500000000003,40000,9.743854999542236,0.29916006054379907,0.23793682067039257,6.458498477935791,0.5288967896634942,0.4586001229935596,1171.4355460070888,80.0,0.05840000000000001
82,21.311963081359863,572.4075174376261,689.6263891887668,4102.539785898821,-15.679187557152172,0.24845000000000014,0.2762772113294908,1.450000000000001,0.0,43.5,1.0,0.12866449356079102,3.768106460571289,0.009986255,0.02039773,-0.00456496,391.52370735785064,43.5,0.24845000000000003,40000,8.418366193771362,0.3022411738701884,0.26061402926770155,5.31219744682312,0.5387134516475053,0.5236690164577089,1164.4059260490787,76.0,0.06600000000000002
83,21.78554081916809,693.063890357223,662.1901840691067,2959.652494589338,-13.561306835523583,0.18020000000000003,0.18499448640432514,1.1100000000000008,0.0,57.0,1.0,0.16173291206359863,3.6352405548095703,0.009986976,0.019381968,-0.003308066,421.6777256577879,57.0,0.18019999999999997,40000,10.080557107925415,0.28463403315110075,0.2241574953124225,4.7455878257751465,0.6411170746963167,0.6176511703728046,1162.4472592416025,68.0,0.07160000000000001
84,21.672640800476074,716.6628679523654,659.4798196864053,2591.335234323448,-14.676916981517921,0.21090000000000006,0.2556407440139386,1.460000000000001,0.0,62.5,0.9,0.11130690574645996,3.6986465454101562,0.008117363,0.018263685,-0.0034605835,451.1762398872457,62.5,0.21090000000000003,40000,9.463693618774414,0.2992697595460988,0.2157746369966413,5.329997301101685,0.6610870468814218,0.5763782837549997,1175.6740213825303,72.0,0.0724
85,21.118677616119385,683.244400659325,700.3487006815352,3336.091338389306,-16.064819076627735,0.23335000000000009,0.26370680214966036,1.2400000000000009,0.0,59.0,0.9,0.11270546913146973,3.6078853607177734,0.008163471,0.018368853,-0.0021922546,474.3830559644536,59.0,0.23335000000000006,40000,14.469799518585205,0.26523073943597025,0.2225722328789863,4.757862091064453,0.590130033245591,0.5582713268416424,1422.3848677047206,72.0,0.07560000000000001
86,21.58446192741394,811.1729778901595,751.3582605977654,2891.5643259608314,-12.78398182817229,0.2221500000000001,0.23158989075518835,1.2100000000000009,0.0,61.5,0.9,0.09945535659790039,3.8110949993133545,0.008192151,0.017786734,-0.004043695,508.0620481570242,61.5,0.22215000000000007,40000,11.226017951965332,0.23225673989287798,0.18351163055464775,4.720793962478638,0.5790827576001746,0.5887065143354444,1450.3274373322083,88.0,0.07720000000000002
87,20.874572277069092,860.9219070885177,816.4090146792154,3457.167546785876,-14.27815140369927,0.22320000000000007,0.2586943370079834,1.470000000000001,0.0,63.5,0.9,0.1134488582611084,3.8467557430267334,0.008215105,0.01834321,-0.0041160034,543.3480340501735,63.5,0.2232,40000,9.156949281692505,0.2635070761138968,0.2287030737823745,6.420392990112305,0.6107237971413879,0.5733548377365625,1415.4663173279796,84.0,0.07640000000000002
88,23.60462737083435,970.0808018291374,829.540471523695,3499.634053368412,-14.418256552710202,0.20520000000000002,0.2196746685441907,1.1500000000000008,0.0,67.0,1.0,0.11513209342956543,3.62414288520813,0.00996357,0.020253908,-0.0035051543,586.0213108280699,67.0,0.20520000000000008,40000,9.078911304473877,0.22058213600907894,0.17922246830122263,5.9201202392578125,0.5886934948264986,0.5566333485584989,1455.128907760531,84.0,0.07720000000000002
89,20.716997861862183,976.9338088105894,875.0909471886611,3425.018989676135,-14.657324309728503,0.21730000000000008,0.2391165197137163,1.5900000000000012,0.0,66.0,0.9,0.11399197578430176,3.8115200996398926,0.00818525,0.01827441,-0.0043626064,625.1125606263219,66.0,0.21730000000000005,40000,7.609832286834717,0.2306276653724568,0.20091909610748768,6.780898094177246,0.5996579996708332,0.5931341368388522,1431.1250656987486,80.0,0.084
90,21.949546098709106,998.5380353993984,854.0927725621603,3254.83781810124,-10.714301918009975,0.2332000000000001,0.2368517679900238,1.450000000000001,0.0,66.0,0.9,0.14485979080200195,3.7705559730529785,0.008169845,0.018880306,-0.003987158,662.4551081036295,66.0,0.23320000000000007,40000,7.548895359039307,0.22344876245785414,0.17787964643627321,4.723256826400757,0.5843560587640074,0.5706879957163671,1393.5225454226604,92.0,0.07640000000000001
91,23.504899501800537,1195.8910054814837,866.6334064686474,3443.5928606282723,-9.666656615751258,0.18550000000000005,0.18364571870860494,1.300000000000001,0.0,74.0,0.9,0.0985708236694336,3.7007949352264404,0.008113867,0.018657202,-0.0029378617,715.798697841415,74.0,0.18550000000000014,40000,8.534301280975342,0.1832364223659325,0.1556306710579906,3.987372398376465,0.6476650620990436,0.6331012500076675,1259.8751748851544,84.0,0.08199999999999999
92,22.976195573806763,1185.9104190195583,913.1843647872375,3680.3598985700482,-12.914354645208343,0.20885000000000006,0.2206743698303001,1.440000000000001,0.0,73.5,0.9,0.12116336822509766,3.7898948192596436,0.008112818,0.018580053,-0.0035668549,762.8098699592293,73.5,0.20885000000000006,40000,11.57889175415039,0.2022220790045526,0.15503956192664511,4.216911554336548,0.6364419804254563,0.5995419993727319,1348.7610480893572,88.0,0.08559999999999998
93,22.094828844070435,1144.1374193915372,822.7544602136062,3140.8784783243877,-14.256524971488814,0.22780000000000009,0.2832298713059767,1.500000000000001,0.0,73.0,0.9,0.08228397369384766,3.335148811340332,0.008107427,0.019465651,-0.0033606475,800.9426249024601,73.0,0.22780000000000009,40000,9.859895467758179,0.21284751856179512,0.1536626121308245,4.201160907745361,0.677986728779213,0.5885982862902841,1389.120636045327,88.0,0.0908
94,24.216773748397827,1286.5229193337623,898.562818532552,3347.957655778555,-10.8843700656376,0.19380000000000006,0.21907660760565023,1.430000000000001,0.0,77.0,0.9,0.11439275741577148,4.168126583099365,0.008168318,0.018064786,-0.0035119476,849.5006543455903,77.0,0.19380000000000008,40000,9.895017623901367,0.18432159120515557,0.1467184958298158,4.434338331222534,0.6198989771635037,0.639688200955577,1688.9402189318487,92.0,0.09920000000000001
95,21.873400449752808,1445.6446694941835,988.2034135682982,3480.3338735612588,-7.461652098696827,0.18870000000000003,0.18358461264496007,0.8800000000000006,0.0,79.0,0.81,0.06861662864685059,3.6808359622955322,0.009045641,0.017829051,-0.012727379,909.1150558604496,79.0,0.18869999999999995,40000,9.808460235595703,0.16752431347158778,0.13689643140962596,6.591626405715942,0.617253479065275,0.6404232688522566,1658.770339170011,88.0,0.0928
96,26.149600505828857,1460.3833990261892,918.5866498806114,3338.611014201156,-10.317346273884718,0.18090000000000003,0.2076491993724032,1.6400000000000012,0.0,83.0,0.9,0.12720799446105957,3.7107837200164795,0.008120467,0.018367402,-0.003658287,964.2418901770236,83.0,0.18089999999999992,40000,11.20999789237976,0.16084704047812884,0.1361704085768884,4.140064239501953,0.7145582547404948,0.7112875453390655,2041.6799417959512,92.0,0.0932
97,21.892293214797974,1569.3487101009293,931.1488356573991,3589.092297624074,-13.23875334390073,0.20240000000000008,0.2424525520591608,1.7900000000000014,0.0,85.0,0.9,0.07660675048828125,3.2246475219726562,0.00813145,0.018775715,-0.002789862,1024.7525721694142,85.0,0.20239999999999994,40000,9.858559370040894,0.15181045544036134,0.12687210528878848,7.305094480514526,0.7215363269462697,0.6518687743585928,1973.8733224872228,92.0,0.10080000000000001
98,23.759220123291016,1553.8023119152474,1010.752595393878,3865.5014219724403,-6.223750410118187,0.2217000000000001,0.2211743882098469,1.1300000000000008,0.0,77.5,1.0,0.14348959922790527,3.7170817852020264,0.009936844,0.019576546,-0.0025013068,1077.6575461439975,77.5,0.22169999999999998,40000,11.362999677658081,0.1660851239716926,0.13918603095673676,5.387174129486084,0.6073991955585132,0.6070664996983711,2181.5510269423003,92.0,0.10720000000000002
99,23.806323528289795,1587.0150604402513,959.7533169011284,3732.36646835388,-13.741731637001966,0.20115000000000008,0.23256865115487957,1.5200000000000011,0.0,85.5,0.9,0.13418984413146973,3.588336229324341,0.008113121,0.019049445,-0.0035235726,1128.593297573623,85.5,0.20114999999999994,40000,9.44891619682312,0.15510795468648414,0.12616945983400896,5.52536678314209,0.6500385292343207,0.6364504180334147,2285.934931100304,92.0,0.11000000000000001
100,24.188007593154907,1741.1911677105807,929.738944317333,3670.4451844664136,-6.209976149097825,0.17845000000000005,0.17593492404863803,1.0500000000000007,0.0,88.5,0.9,0.1419532299041748,3.936788320541382,0.008178392,0.018518858,-0.003967029,1189.8530845873188,88.5,0.17844999999999994,40000,10.632180213928223,0.14193480168002576,0.11564020078761585,4.375947952270508,0.6130313260895254,0.6452401020394405,2244.1682122359807,92.0,0.10840000000000001
101,23.077584505081177,1885.739696901152,1012.7845128330895,4001.64257358025,-14.160118457052148,0.1986500000000001,0.22461896068675963,1.330000000000001,0.0,89.0,0.9,0.1055443286895752,3.8101041316986084,0.008138913,0.017378476,-0.004572615,1259.4417458187022,89.0,0.1986500000000002,40000,9.802809476852417,0.1258689354504979,0.10028731843797542,5.139248847961426,0.7054843600611787,0.6689299607589174,2386.0890355686693,92.0,0.10840000000000001
102,23.75965118408203,1892.2163140829707,934.1787964488152,4098.310699972161,-6.4749087803700505,0.20770000000000008,0.20863774826238912,1.340000000000001,0.0,90.0,0.9,0.14031982421875,3.8140852451324463,0.00816417,0.01843785,-0.003269732,1322.7192026451291,90.0,0.20770000000000008,40000,8.265650987625122,0.11909902888100589,0.09996269648590748,4.926949501037598,0.6585949738877152,0.5953681512812302,2511.8464909791714,88.0,0.10880000000000001
103,25.768120765686035,2006.3502516771787,1069.9179951119816,4166.9603923148425,-11.957098717448737,0.1988000000000001,0.2547068118445207,1.310000000000001,0.0,88.0,0.9,0.12862515449523926,3.819958448410034,0.008154094,0.018046254,-0.0068570008,1391.0823075483343,88.0,0.19880000000000003,40000,11.182942152023315,0.11078300997905989,0.0874235560330571,4.570882081985474,0.6555979878638063,0.6072948030010397,2752.126775977406,92.0,0.10880000000000002
104,22.622075080871582,1889.5607165465306,1065.744356759903,4266.936649301046,-5.425574335222826,0.20150000000000007,0.20172691937369208,1.1700000000000008,0.0,84.5,0.9,0.16643047332763672,3.6562161445617676,0.008109742,0.01862631,-0.004802728,1440.930148448154,84.5,0.2015,40000,10.064330577850342,0.13488031812841392,0.10411691577709005,5.218047142028809,0.6362782334097601,0.601853713349509,2676.808220137136,92.0,0.1076
105,24.417217254638672,1965.0931316676415,1056.7780076512984,4367.753319417254,-7.341365405261706,0.18395000000000003,0.1955093284219452,1.370000000000001,0.0,87.5,0.9,0.08972573280334473,3.625990867614746,0.008172276,0.018288659,-0.0056128954,1493.3464467701028,87.5,0.1839499999999999,40000,10.256245613098145,0.11911002807339316,0.10477650542959319,5.327571630477905,0.6116360990092311,0.643933625529627,2695.4354493560672,96.0,0.10840000000000001
106,24.357349634170532,2022.4881241435342,1091.887423350213,4321.811594230917,-10.571505807470515,0.20385000000000006,0.24219140674268375,1.490000000000001,0.0,88.0,1.0,0.11424970626831055,3.3682918548583984,0.009878135,0.019755889,-0.0061157746,1546.260614507446,88.0,0.20384999999999995,40000,10.775749206542969,0.11492024595522328,0.09355025685623913,4.330883979797363,0.6949054213029987,0.604899730902733,2439.536759454667,88.0,0.1052
107,24.27594566345215,2164.1877538892873,1058.765642930795,4329.250355536691,-9.988274354656616,0.20750000000000007,0.26270468210521125,1.460000000000001,0.0,91.0,1.0,0.08123183250427246,3.16552472114563,0.009959181,0.020630818,-0.0072463183,1608.05332844563,91.0,0.20750000000000005,40000,12.720743417739868,0.09947388377142215,0.08413551172603277,4.6092846393585205,0.6577248319334711,0.6328743195062342,2533.053584105409,88.0,0.10200000000000001
108,25.998293161392212,2304.5942438351794,1093.6560484306158,4397.090928023382,-4.293098014026962,0.16195000000000004,0.15403148217166523,0.9900000000000007,0.0,90.5,0.9,0.06803154945373535,3.56276798248291,0.00811264,0.018029757,-0.0048991106,1677.707419984585,90.5,0.16195000000000007,40000,12.21923017501831,0.10143787736247013,0.08018701635465722,5.700085401535034,0.6588388572338604,0.6832964612902862,2472.0271011956556,88.0,0.10600000000000001
109,25.102315187454224,2467.248295416722,974.5406204348254,4237.207987014779,-3.8768769459909205,0.16340000000000005,0.17510979412928346,1.1500000000000008,0.0,93.0,0.9,0.15612101554870605,3.9534687995910645,0.008181427,0.01801694,-0.0035855316,1756.6615075277987,93.0,0.16339999999999993,40000,10.41723370552063,0.06372146489382223,0.052045605226479524,4.95896315574646,0.7182626205722203,0.6865273290440015,2626.9657467592983,88.0,0.11160000000000002
110,23.55209493637085,2550.6195953495535,1042.5715185996653,4475.039401176422,7.125590874361871,0.16325000000000003,0.16424048678690656,1.2000000000000008,0.0,93.0,1.0,0.15202021598815918,3.737072229385376,0.009922398,0.019433457,-0.0034705135,1836.057316309974,93.0,0.16325,40000,8.54547667503357,0.08115211726726596,0.06667346683177226,3.544442653656006,0.7187440312040246,0.7414701291790896,2500.8140436388203,92.0,0.11840000000000002
111,24.577600955963135,2355.8499329354117,1132.8894810732136,4322.647053707566,-10.227534271096994,0.20245000000000007,0.2554006607274149,1.7300000000000013,0.0,89.0,0.9,0.10488700866699219,3.2901673316955566,0.008157002,0.018022425,-0.0025418762,1888.036577972518,89.0,0.20244999999999996,40000,12.691592454910278,0.08859507567188953,0.07509149307874073,3.9520506858825684,0.8016933633737523,0.6840347040758388,2617.052449970801,84.0,0.12000000000000002
112,26.960472106933594,2439.2951160003054,1081.4661978190045,4218.156364560953,-4.630269109262498,0.18870000000000003,0.2029983004854968,1.320000000000001,0.0,92.0,0.9,0.06209397315979004,3.5490968227386475,0.008172619,0.018483875,-0.002865912,1943.1624317752967,92.0,0.1887,40000,10.047012567520142,0.08154123746064548,0.06478098180805764,4.271413087844849,0.6347766900647281,0.6170196321250074,2689.9369258685156,84.0,0.1272
113,23.580933332443237,2603.191382952148,1105.9022400615313,4467.296886842059,-4.280930064213327,0.18530000000000005,0.2113147178972635,1.330000000000001,0.0,92.5,0.9,0.07048368453979492,3.6102890968322754,0.008156805,0.01850652,-0.0054539368,2009.1653268929817,92.5,0.1853000000000002,40000,10.744181394577026,0.06677239509574714,0.05456040323340614,4.058829069137573,0.6365025454151507,0.6494167303070337,2628.044376070037,88.0,0.1188
114,26.84674644470215,2589.107730936771,1100.8204520459344,4624.846610553444,-4.080900317451861,0.17280000000000004,0.20621871883997353,1.350000000000001,0.0,92.5,0.9,0.09545636177062988,3.916922092437744,0.008213585,0.018171165,-0.0056101168,2067.159567297361,92.5,0.1728000000000001,40000,10.036478281021118,0.07824198841593949,0.06457950139119284,4.2035322189331055,0.6917226659894132,0.69423862259656,2666.565724853219,88.0,0.11680000000000003
115,23.0594539642334,2703.7426210768476,1023.203546494744,4365.166343697716,-8.047954038771753,0.18295000000000006,0.21324351690028015,1.270000000000001,0.0,92.5,0.9,0.11688446998596191,3.3642945289611816,0.008163167,0.018381983,-0.0057561486,2130.8178726753094,92.5,0.18294999999999992,40000,12.451458930969238,0.067435305205732,0.05298554459272599,4.248217582702637,0.7274185460392559,0.7232425636030495,2730.782552182138,88.0,0.11720000000000003
116,24.564085245132446,2661.028658280714,1144.3735373904678,4492.861598199683,-4.385423598456026,0.17610000000000003,0.21076002941734484,1.390000000000001,0.0,92.0,0.9,0.159409761428833,3.840226173400879,0.008187837,0.017263565,-0.0049971836,2183.83895123585,92.0,0.17610000000000003,40000,10.642060041427612,0.0656015348526473,0.05567572849047103,4.236947059631348,0.7281877971854401,0.6966548517730367,2858.572230871063,88.0,0.11560000000000002
117,25.130754947662354,2755.1483636173903,1124.28521789771,4410.626738466497,-7.452622136168962,0.16685000000000003,0.17058305162002477,1.2000000000000008,0.0,91.5,0.9,0.06202507019042969,3.608877182006836,0.008108691,0.017339,-0.0028708603,2240.9698924740037,91.5,0.16685000000000005,40000,12.443195581436157,0.07073407532686825,0.06011801071422259,4.4456329345703125,0.684961562471931,0.7294226150696949,2543.708946614183,88.0,0.11520000000000001
118,23.41126799583435,2959.300281974766,954.1764763873374,4529.473424485195,-11.108541390086184,0.15330000000000005,0.17924315886526893,1.5900000000000012,0.0,96.0,0.9,0.10122108459472656,2.8874194622039795,0.008147796,0.019046431,-0.0034995377,2312.80293142408,96.0,0.15330000000000005,40000,13.597443103790283,0.05010339789803767,0.03785202599103116,4.598961114883423,0.7429425572455907,0.731598242763299,2444.5760352764046,88.0,0.1124
119,24.980870962142944,2861.331329982644,911.6174314009643,4340.621156626608,15.565178476710793,0.133,0.13510366390294534,0.9900000000000007,0.0,97.0,0.9,0.11689615249633789,3.182002305984497,0.0081419265,0.018438969,-0.0012637436,2367.6557712799363,97.0,0.1330000000000001,40000,11.695095777511597,0.053636291963278813,0.04455803618087319,4.1940107345581055,0.7737007680897259,0.808628004740704,2408.590092581749,88.0,0.11160000000000003
120,25.799333095550537,2869.815135514487,1104.7084561278582,4580.185982770748,-7.254131867850313,0.17490000000000006,0.22421639101546542,1.300000000000001,0.0,92.0,0.9,0.0771329402923584,3.2554657459259033,0.008122552,0.018641185,-0.0049185045,2417.871707703391,92.0,0.17489999999999997,40000,10.914302110671997,0.05732812256883708,0.045671435854812516,4.232182264328003,0.8386096820789386,0.7524195606697103,2365.600828036156,84.0,0.10800000000000001
121,25.357590198516846,3045.1556809958215,983.344616925448,4600.204359752886,-12.265667353188817,0.13595000000000002,0.177465764303992,1.370000000000001,0.0,96.5,0.9,0.09702348709106445,2.9330530166625977,0.008126906,0.017503083,-0.0026060506,2480.6001050326345,96.5,0.13595000000000002,40000,12.631479978561401,0.043069159334460407,0.03598394673276319,4.096155643463135,0.7937537065417564,0.7900294487811492,2598.1001042569724,96.0,0.1176
122,24.8260178565979,3017.3669173786147,950.8921638766942,4607.543000022942,-5.209157481062695,0.13310000000000002,0.15421864349033818,1.1800000000000008,0.0,97.0,1.0,0.07602763175964355,3.1692187786102295,0.00986922,0.019171448,-0.002032486,2534.276786267232,97.0,0.13310000000000008,40000,11.142812252044678,0.0488083253390516,0.04018294678629874,4.832043170928955,0.7834131046362697,0.8073778054444357,2964.6795962883184,100.0,0.1168
123,25.67237424850464,3012.5934902535646,1069.7898702778011,4471.227187826284,1.9190256565109118,0.1549,0.1558235861479257,1.0400000000000007,0.0,93.5,0.9,0.26032567024230957,3.3629343509674072,0.008154331,0.019253004,-0.0058667725,2582.1084566658656,93.5,0.15490000000000007,40000,11.690261363983154,0.051857608000922824,0.039319492884295426,4.510206937789917,0.7827953724866483,0.7586982804705006,3064.182097108626,100.0,0.11280000000000001
124,24.62091588973999,3042.8646489131947,1101.279130352997,4669.293257660795,-5.04298688891307,0.17245000000000005,0.2280953693085418,1.1900000000000008,0.0,95.5,0.9,0.12346148490905762,2.8764922618865967,0.008126842,0.0195694,-0.0030029523,2628.1840758905987,95.5,0.1724500000000001,40000,12.107521533966064,0.05173812608493254,0.04227938821259723,3.5755465030670166,0.8355983056704761,0.7042267021229747,3207.925809908642,100.0,0.11120000000000001
125,24.402165174484253,2999.7188992881834,1210.3802971269386,4769.108671758785,-4.966633745703438,0.16175000000000003,0.20244119516541106,1.5100000000000011,0.0,91.5,1.0,0.1718587875366211,2.772721290588379,0.009836348,0.019539297,-0.0055235326,2665.337558230357,91.5,0.16174999999999995,40000,10.872281551361084,0.0619887740782328,0.048586466442936044,3.8939852714538574,0.7687273379787476,0.7458811763253768,2857.1177492297434,100.0,0.1072
126,23.785728693008423,3145.7752141859733,1069.6383232960475,4568.695195438127,-4.831231046048825,0.16090000000000004,0.17464303593330036,1.1800000000000008,0.0,95.0,0.9,0.12871742248535156,3.0160787105560303,0.008160823,0.017835068,-0.0019555239,2713.3813238259186,95.0,0.16090000000000004,40000,13.735010147094727,0.04558732034457687,0.03730852008752619,5.139845132827759,0.7450491415158136,0.7605832424933368,2711.088301245127,96.0,0.10719999999999999
127,27.660117864608765,3048.821827251441,955.4680977210918,4436.734377758766,34.483692964119705,0.13425000000000004,0.1524383071934349,1.340000000000001,0.0,97.0,0.9,0.09909534454345703,3.9406042098999023,0.008151761,0.017463667,-0.0023201043,2746.9253741684706,97.0,0.13424999999999998,40000,9.509137153625488,0.04900698482467959,0.03958156904949898,3.909848213195801,0.7994676650755611,0.8192253292329446,3211.3732544291415,100.0,0.10400000000000001
128,25.42525362968445,3213.5682672732173,1004.3632818909182,4567.5066734842985,-3.6536578316284265,0.15305000000000002,0.17039130699657196,1.320000000000001,0.0,96.5,0.9,0.1529853343963623,3.2219977378845215,0.008109145,0.01753377,-0.0036207947,2793.5896634789456,96.5,0.15305000000000002,40000,11.71913743019104,0.040656324463927,0.03398563901570041,4.675639867782593,0.7999757378101755,0.755847538861028,3570.0533097685943,100.0,0.10080000000000001
129,24.451524257659912,3225.0574702056724,947.7040887334575,4795.464372047098,-5.217372482205343,0.13505000000000003,0.14043146905163392,1.420000000000001,0.0,97.0,1.0,0.11297297477722168,2.713209390640259,0.009984158,0.019536164,-0.0023922236,2836.7364441516183,97.0,0.13504999999999995,40000,12.846821069717407,0.03978686971513978,0.030169699901407103,5.484452962875366,0.7463503702789026,0.7735047089543179,3594.923175287388,100.0,0.106
130,25.170539617538452,3149.613900495699,1167.528213339702,4673.943577300673,-3.1734309176417614,0.15235000000000004,0.18473488436134644,1.2000000000000008,0.0,93.0,1.0,0.07106542587280273,4.345553874969482,0.00998601,0.02067103,-0.0031558056,2868.024189786027,93.0,0.15234999999999999,40000,11.330767393112183,0.05210329023535183,0.04402812229058465,5.032866954803467,0.8161755609625794,0.7778726486971796,3519.608701295962,100.0,0.10200000000000004
131,25.163004159927368,3249.991163734158,967.365362386639,4902.068863865831,-3.9262520137366828,0.13635000000000003,0.16216712829670515,1.1400000000000008,0.0,96.0,0.9,0.08005166053771973,3.425008773803711,0.008134545,0.01772594,-0.0012359642,2906.2208871808402,96.0,0.13634999999999997,40000,11.79607081413269,0.04378311830720409,0.032481355221001776,4.0777294635772705,0.776073496614551,0.7923131202054758,3444.5397262894003,100.0,0.10280000000000002
132,27.503739833831787,3236.2530009352686,1036.6557698645427,4615.748482355157,-7.719380298230487,0.15005000000000002,0.17478986669712873,1.6800000000000013,0.0,94.0,0.9,0.1281731128692627,3.1365444660186768,0.008174076,0.017673789,-0.0027652113,2939.224098556283,94.0,0.1500500000000001,40000,10.247767448425293,0.042753115439784335,0.03668360671101208,3.793520927429199,0.8087534519562574,0.7839097039609201,3435.8527026433335,96.0,0.10120000000000001
133,24.753907203674316,3310.127280750029,1062.082388620009,4665.243729972211,4.75193097741932,0.15660000000000004,0.20133663352703612,1.290000000000001,0.0,94.5,0.9,0.0920710563659668,3.2949044704437256,0.008135829,0.019367602,-0.0042080386,2976.3144167756577,94.5,0.15660000000000002,40000,12.875356912612915,0.040567311325834646,0.033453918839090956,3.7207725048065186,0.7986232880583098,0.7656041686838839,3218.283391083524,92.0,0.10479999999999999
134,27.23511838912964,3316.531409878359,944.4682763766672,4613.973196698855,4.808934935466291,0.1426,0.13751450832548548,1.1000000000000008,0.0,96.5,0.9,0.14329934120178223,3.135192632675171,0.00816783,0.018046727,-0.004472856,3010.3361160859276,96.5,0.1426,40000,11.63799262046814,0.03337507906893513,0.026733726406347188,6.1182403564453125,0.768198886395295,0.7530473849939219,3424.2944834843183,96.0,0.10080000000000004
135,24.695895671844482,3391.267439589837,950.3336986140595,4758.915631872556,27.624042915009852,0.136,0.14518608748774803,1.270000000000001,0.0,96.5,1.0,0.16067004203796387,2.89162015914917,0.009916134,0.019098552,-0.00029741976,3048.4292484363186,96.5,0.13599999999999995,40000,11.925151586532593,0.03412637359645936,0.029475165447781806,3.1226935386657715,0.7958022708574293,0.8105652752713108,3413.678212150152,100.0,0.1056
136,24.96644616127014,3455.3389451681624,885.1807345878241,4524.410272183063,27.46406688307006,0.12645,0.13302592792384504,0.9500000000000006,0.0,97.0,0.9,0.10313677787780762,3.139976739883423,0.008112592,0.017453663,-0.000466864,3089.120218109503,97.0,0.12645000000000006,40000,11.503186702728271,0.028380049461040033,0.023560097418704993,4.982886075973511,0.8086484025243887,0.8033045811164901,3410.553689379975,100.0,0.10640000000000001
137,26.85967755317688,3504.466987384908,908.2870693343176,4779.636347962156,-5.860639126347395,0.14265000000000005,0.16965104626850974,1.420000000000001,0.0,97.5,1.0,0.07227897644042969,3.134490728378296,0.00996203,0.021308627,-0.00416467,3130.654895037044,97.5,0.14265000000000005,40000,12.95116376876831,0.024141218333912653,0.020604472212514748,3.3978421688079834,0.831908158233714,0.8013817654466369,3508.359949964087,96.0,0.10880000000000001
138,24.563143968582153,3465.921378707792,905.8011723691069,4577.454711325624,-4.692516350937752,0.13490000000000002,0.17766257343627567,1.450000000000001,0.0,96.5,0.9,0.1147315502166748,3.1658504009246826,0.008124285,0.018325534,-0.0019944357,3164.181543404119,96.5,0.13490000000000008,40000,13.22290849685669,0.029145832954041127,0.02221295215486225,3.9572272300720215,0.8325728367341205,0.8124461756326454,3494.1071901488795,100.0,0.10680000000000002
139,27.70214009284973,3540.4429832315514,871.8548909322398,4781.395426958927,67.49863973116642,0.11595000000000001,0.09641627196692479,0.6800000000000004,0.0,98.5,1.0,0.11191487312316895,2.618058204650879,0.009994184,0.021205219,-0.002429787,3201.807687386862,98.5,0.11595000000000001,40000,13.618201971054077,0.025104541256959823,0.020302751386893633,3.830284595489502,0.7218668496397084,0.7510051153576649,3472.75100067414,92.0,0.1036
140,25.364351987838745,3488.1237836462888,906.1465223756818,4654.778844147031,-4.297623201619208,0.12805,0.12198646441306517,0.9200000000000006,0.0,97.5,0.9,0.09622073173522949,3.1506154537200928,0.008125497,0.017153397,-0.0007976028,3230.4392970128047,97.5,0.12804999999999994,40000,14.063234567642212,0.026811109463716724,0.0224800826665922,4.76535177230835,0.79442706556143,0.7511522860506317,3586.160016944376,96.0,0.0992
141,26.348806142807007,3448.275178324072,1090.8823323092702,4871.346991912404,-3.973908918405999,0.14735000000000004,0.2041922562194758,1.490000000000001,0.0,95.0,0.9,0.14939594268798828,2.8419902324676514,0.0081211,0.01844599,-0.002505411,3252.2228851439313,95.0,0.14735000000000004,40000,13.392446279525757,0.03307555960501644,0.025413983137891855,3.236624002456665,0.873232439104617,0.8108921054795714,3778.54006773865,100.0,0.10200000000000004
142,25.61271047592163,3507.4026752062223,948.5735372112624,4761.272326565875,-3.7804381847078825,0.1399,0.1408864436345812,1.2300000000000009,0.0,97.5,1.0,0.11322140693664551,3.2018215656280518,0.009866649,0.019446213,-0.0021287273,3277.7408641501606,97.5,0.13989999999999994,40000,11.55611538887024,0.032986011395356854,0.028136607768502277,4.2785804271698,0.7673668498860938,0.798035899693364,3777.412516315696,100.0,0.10280000000000002
143,26.51246976852417,3450.5985417953384,1047.0341075934787,4751.489399131389,-4.24427889364137,0.15970000000000006,0.20543346854882255,1.410000000000001,0.0,94.5,0.9,0.09345674514770508,3.2601990699768066,0.00849996,0.019032478,-0.0074990587,3295.0266319146785,94.5,0.15969999999999998,40000,13.020257472991943,0.03710271943110214,0.03035217917130339,3.598238945007324,0.8423189622480776,0.7965638041949439,3726.4245951735134,100.0,0.10280000000000002
144,24.80427646636963,3495.442211779732,977.3050705594198,4720.321130382942,24.190512534800277,0.13110000000000002,0.14508890377971717,1.0900000000000007,0.0,97.0,1.0,0.12783265113830566,3.1963517665863037,0.009904897,0.020121582,-0.0055252025,3315.068189901184,97.0,0.13110000000000005,40000,10.57822871208191,0.033170007132116125,0.028028170072150586,3.9323489665985107,0.7715923152212634,0.7999917876084667,3539.3482343192377,100.0,0.1024
145,27.90189838409424,3573.566533084046,874.0829041871926,4893.178213006601,-2.9734905069619084,0.12200000000000001,0.14554724318928208,1.2300000000000009,0.0,98.5,0.9,0.1423501968383789,2.8368146419525146,0.008141628,0.017634125,-0.0020329554,3340.9180242194698,98.5,0.12200000000000008,40000,12.183430910110474,0.028039333508273773,0.0217785118476447,4.050140619277954,0.8267969685047957,0.8063069126527592,3599.229186355394,100.0,0.09680000000000004
146,25.20971655845642,3686.4435680065817,904.7411197890721,4934.738881782479,-4.714850973143185,0.12180000000000002,0.13259245830740155,1.330000000000001,0.0,98.0,0.9,0.07524442672729492,2.6056811809539795,0.008166121,0.018148288,-0.0014683441,3375.4705785981814,98.0,0.12180000000000005,40000,13.020579099655151,0.023441381802757892,0.01905483479209768,9.046656131744385,0.7779719459587523,0.7897543725559123,3729.7799589707197,100.0,0.0964
147,26.385000467300415,3705.6470105660433,745.2840356753676,4751.109550991203,19.553655521505668,0.11545000000000001,0.11180249326379091,1.2400000000000009,0.0,99.0,0.9,0.1392509937286377,2.9131829738616943,0.008206133,0.01754406,-0.00031550598,3408.488221794968,99.0,0.11545,40000,15.42691946029663,0.02254863585964423,0.018143025206834806,4.788341760635376,0.7882759780374216,0.8104142598446419,3718.1664893701445,100.0,0.09920000000000001
148,24.71573543548584,3638.124053443106,960.2583056620944,4934.393353263746,18.927262896055804,0.12980000000000003,0.17972467832771336,1.300000000000001,0.0,97.0,0.9,0.10229611396789551,3.3078198432922363,0.00817754,0.017376121,-0.0014801186,3431.451804959782,97.0,0.12980000000000003,40000,11.871304988861084,0.029061646031426816,0.025119695295403727,3.7962605953216553,0.896969971022754,0.8563433224470537,3690.290112308298,100.0,0.09920000000000001
149,26.095996618270874,3772.4406155466045,767.1080878326269,4829.709838280777,26.513520565197986,0.12855,0.11304599727544541,0.9500000000000006,0.0,98.5,0.9,0.11060762405395508,2.6582822799682617,0.008154387,0.018514486,-0.0009650566,3465.550686018464,98.5,0.12854999999999994,40000,11.208017826080322,0.0200771639986122,0.01679127155921958,4.300821304321289,0.7652529957773181,0.7828095479073106,3574.2263992520016,100.0,0.10120000000000001
150,24.947914361953735,3747.665757131042,802.8267955949623,4799.021443684411,-0.4614796075294293,0.12155,0.08937615733516409,0.6000000000000003,0.0,99.0,0.9,0.11356663703918457,3.0173099040985107,0.00818017,0.01828146,-0.001461911,3493.7621931297217,99.0,0.12155000000000005,40000,13.551440238952637,0.017397380338481778,0.014637768878710041,3.055055856704712,0.6753206618911961,0.6830462695786547,3732.722314894144,100.0,0.1032
151,25.987915515899658,3600.56326490497,1001.1243815498871,4880.633902485566,-8.011849268207076,0.14375,0.14142997383864575,1.2000000000000008,0.0,96.0,0.9,0.14412140846252441,2.9141876697540283,0.008137192,0.018924769,-0.0042221537,3504.442300307247,96.0,0.14375,40000,15.790277004241943,0.02778802567081842,0.021793130462485506,3.746258020401001,0.8226319655078427,0.768913826630162,3636.820210479975,100.0,0.10160000000000002
152,25.3808696269989,3715.954117316272,895.9730176554489,4938.985858340153,-1.7284017141689032,0.12235000000000001,0.13795643334038477,1.460000000000001,0.0,98.0,0.9,0.1517784595489502,2.8335235118865967,0.008183558,0.017823901,-0.0043151793,3525.5934820081497,98.0,0.12235000000000004,40000,10.786761045455933,0.025849683473112933,0.021335914306549263,3.414815664291382,0.8046726965184523,0.8214874146705671,3608.946968542179,100.0,0.09960000000000001
153,26.332280158996582,3744.007049249801,967.3064973880693,4778.60316448667,-3.7189371055594194,0.13060000000000002,0.15160026385201322,1.260000000000001,0.0,96.5,1.0,0.11975455284118652,3.367680072784424,0.009960152,0.020212144,-0.0014466705,3547.4348387323153,96.5,0.1306000000000001,40000,14.567959785461426,0.025853323875216046,0.020469438063550543,3.4671757221221924,0.8362575003694634,0.8273297069429538,3559.3515259257942,100.0,0.098
154,26.91352081298828,3784.8640054995085,884.3469578791253,4910.824861723178,-2.2467677752072692,0.1293,0.1265207888056347,1.320000000000001,0.0,98.0,0.9,0.12503600120544434,3.150332450866699,0.0081046345,0.0168463,-0.003961877,3571.1777554090345,98.0,0.12930000000000008,40000,12.074522018432617,0.020151415937904028,0.017686707379837175,3.539721727371216,0.8068582195761664,0.7905749744475447,3756.0974883177573,96.0,0.09480000000000001
155,24.673590183258057,3852.73279138859,791.6718491743458,4832.266111740753,-3.3619811021940995,0.12275,0.13282671982699876,1.330000000000001,0.0,98.5,0.9,0.1155693531036377,3.193455696105957,0.008102453,0.018007655,-0.000842424,3599.33325900699,98.5,0.12275000000000004,40000,12.072990417480469,0.01930937464930327,0.013528175662629696,4.254852771759033,0.8129699432319492,0.8080218859011825,3759.8154281804814,96.0,0.0968
156,24.67228865623474,3639.470970558971,1095.7272782491514,4846.896772150952,-6.864613542625014,0.14990000000000003,0.18634105827755743,1.350000000000001,0.0,94.5,1.0,0.11830258369445801,3.317833662033081,0.009812497,0.02384196,-0.0037114373,3603.3470301621883,94.5,0.14989999999999998,40000,13.132185935974121,0.03518594154936178,0.022327682825750275,3.756510019302368,0.8403425923784325,0.7775442335601904,3859.131668528739,100.0,0.09800000000000003
157,27.44671654701233,3754.268011355989,882.1903083292476,5003.9686405146995,19.740144010639,0.1342,0.12801703011709034,0.9800000000000006,0.0,98.0,0.9,0.1411752700805664,3.2305188179016113,0.008192385,0.017512368,-0.00260036,3618.4391282815686,98.0,0.13420000000000012,40000,11.838837146759033,0.024644688884879577,0.02073582355474234,4.619361639022827,0.7704122119745214,0.8073373252024023,3850.113552159353,100.0,0.10439999999999999
158,25.22453022003174,3809.889705736651,886.0198629741594,4936.496125429347,16.674872827327164,0.13125,0.12616234580888236,1.2000000000000008,0.0,97.0,0.9,0.08004546165466309,2.655855178833008,0.008124587,0.018028283,-0.0029059963,3637.584186027077,97.0,0.13125000000000006,40000,12.728924751281738,0.02156931316343759,0.018612677451959096,5.010553598403931,0.8068720945204948,0.7995497191366808,3661.4082775870997,96.0,0.09920000000000001
159,26.47627854347229,3719.8283105056676,1008.7626268436043,4910.453392926315,-4.323728247975854,0.13840000000000002,0.15668899131719505,1.430000000000001,0.0,96.0,0.9,0.13642549514770508,2.847568988800049,0.008136841,0.019446429,-0.0027846282,3645.8085984749364,96.0,0.13840000000000002,40000,11.722692966461182,0.02395835258054264,0.018837490114633298,4.7607035636901855,0.8058924031436597,0.7794579280227257,3637.7197457197058,96.0,0.094
160,27.81720733642578,3832.3947421708585,906.735646595989,4964.048017808616,-4.9404244359677865,0.13825,0.15944415166446224,1.270000000000001,0.0,98.0,0.9,0.13383984565734863,2.958771228790283,0.00819359,0.0034129128,-0.02246999,3664.4672128445286,98.0,0.13825,40000,11.609804630279541,0.018799992266579375,0.014605965752924407,4.665988445281982,0.7950459055956538,0.7983865085714412,3632.017989591935,92.0,0.07639999999999998
161,24.807576179504395,3741.224882589462,1023.3947762205894,4880.323069195265,-4.532109497553634,0.13660000000000003,0.15576084231924284,1.2400000000000009,0.0,96.5,1.0,0.1433095932006836,2.7208609580993652,0.009978087,0.018548364,-0.0029269815,3672.142979819022,96.5,0.13659999999999994,40000,14.66415548324585,0.026169345827197356,0.02294611668502303,4.386414289474487,0.7947730750660181,0.782916882052027,3618.5127534608473,92.0,0.0788
162,27.949977159500122,3904.586712103431,756.3474801272486,4901.669897592723,25.764451947971164,0.10325000000000001,0.1059006019812919,0.9200000000000006,0.0,98.5,1.0,0.12748169898986816,3.2881648540496826,0.009998094,0.020202346,0.0007149017,3695.387353047463,98.5,0.10325000000000006,40000,10.720119714736938,0.021801106207566052,0.01593491418912811,3.553934335708618,0.7672713417572934,0.8102171612124023,3186.537642343198,92.0,0.0924
163,24.66025447845459,3818.9395135235627,865.8781668570094,4869.539521154761,32.009085308738776,0.1096,0.09830991811612909,0.6000000000000003,0.0,97.5,1.0,0.12650299072265625,3.290785312652588,0.009907162,0.020716561,-0.0021141593,3707.742569095073,97.5,0.10959999999999993,40000,13.625509977340698,0.021047392315983692,0.016246799802910737,3.0633630752563477,0.7856488412061693,0.7726992713793142,3267.005657930364,92.0,0.08439999999999999
164,27.36666488647461,3875.6402563497336,862.9433237170775,4902.328530553178,-4.63756329053204,0.10185000000000002,0.11508291576076794,0.9600000000000006,0.0,97.0,0.9,0.16461443901062012,2.787885904312134,0.008185589,0.019659963,-0.001799296,3724.5323378205394,97.0,0.10185000000000001,40000,14.876163721084595,0.01738047941282325,0.012896218012109674,3.7000975608825684,0.8343419484846958,0.8216600851211888,3520.7749370759743,96.0,0.08440000000000002
165,24.871741771697998,3890.5579210636274,876.783172506998,4932.825770384909,-1.8017244244906805,0.09915000000000002,0.10787853122841454,0.9000000000000006,0.0,97.0,1.0,0.07961440086364746,3.4912774562835693,0.009975565,0.022245271,-0.0023597162,3741.1348961448484,97.0,0.09914999999999999,40000,12.031701803207397,0.01774482795229452,0.014401224287559156,3.8038034439086914,0.833909565599703,0.8800420483436876,3600.7744899233326,96.0,0.08480000000000003
166,25.9843430519104,3983.9831080026825,822.7650118672915,4864.089831814664,-0.2915959584854253,0.09960000000000001,0.14536106769008,1.5800000000000012,0.0,97.5,1.0,0.1757655143737793,3.1086008548736572,0.009893885,0.019136228,-0.0010754706,3765.419717330632,97.5,0.09959999999999994,40000,13.214250087738037,0.015555473287382235,0.013057127170811601,3.1732289791107178,0.9091320927813457,0.8600441353460129,3640.432631890818,92.0,0.08560000000000002
167,25.935262203216553,3802.77695254189,958.243039892826,5011.666928300589,18.558932415466604,0.13195,0.16766841533216695,1.2500000000000009,0.0,96.5,0.9,0.09902667999267578,2.962799310684204,0.008128903,0.018444302,0.0020984833,3769.1554408517577,96.5,0.13195000000000007,40000,12.252256155014038,0.023911190743529168,0.019793622772023043,4.18155312538147,0.8604115647787011,0.8102817734259724,3676.132194867201,96.0,0.08280000000000001
168,26.759262084960938,3931.974720990527,706.2165688174624,5129.588034604283,5.384671886395706,0.09634999999999999,0.10398162097216992,1.1400000000000008,0.0,99.0,0.9,0.10166478157043457,3.406683921813965,0.008154683,0.017240109,-0.000112547306,3785.437368865635,99.0,0.09635000000000002,40000,12.173818111419678,0.017474721960539,0.014902110464824052,3.8709452152252197,0.8198339428687711,0.863078642274861,3539.970976884042,96.0,0.08600000000000002
169,27.282503843307495,3928.1332045886943,690.1861063808716,4892.224012101682,-4.311024152917927,0.09910000000000001,0.1013370119946311,1.0600000000000007,0.0,99.0,0.9,0.10119390487670898,3.085510730743408,0.008204118,0.019306082,-0.0032069478,3799.7069524379413,99.0,0.09910000000000005,40000,11.339820146560669,0.015195400229888452,0.011605396142498347,3.230832099914551,0.8231912803202437,0.838786059254184,3624.9886405640996,100.0,0.0892
170,27.011488914489746,3945.439266216974,724.6852554338548,4910.502029222395,475.80344579836117,0.0992,0.09512286791303134,0.6900000000000004,0.0,100.0,0.9,0.07606673240661621,3.624011278152466,0.0081467265,0.016397769,0.00015547972,3814.280183815845,100.0,0.09920000000000001,40000,13.58486032485962,0.016055984640150577,0.012626223377647497,5.260670900344849,0.8451872583345963,0.8641609703807622,3687.925823870323,100.0,0.08440000000000002
171,27.501699447631836,3970.1373289270023,562.4280235036624,4982.278427923207,22.64978182087117,0.11389999999999999,0.11762138411020344,1.440000000000001,0.0,99.5,0.9,0.057323455810546875,3.4057469367980957,0.008154036,0.016615579,-0.0036543412,3829.8658983269606,99.5,0.11390000000000006,40000,10.86565351486206,0.010617378957441722,0.00908124926959167,3.2863447666168213,0.8912389668033317,0.8182766921361829,3604.51292478896,92.0,0.08120000000000001
172,26.506559371948242,4145.228737325418,577.9750294215362,4929.150432309629,504.9884756940587,0.09144999999999999,0.07402295252149836,0.3200000000000001,0.0,100.0,1.0,0.1013948917388916,3.22680401802063,0.009927353,0.017255992,0.001494281,3861.4021822268064,100.0,0.09145000000000005,40000,13.201911687850952,0.010027977539942008,0.0075234389872998325,2.8278987407684326,0.7036372516259424,0.9100157570577234,3531.697783139798,92.0,0.08719999999999999
173,25.605206727981567,3998.7430544812523,680.5098864811465,4840.27527634034,88.55326694723402,0.1032,0.10735343497066133,1.1700000000000008,0.0,99.5,0.9,0.10127806663513184,2.7470576763153076,0.008188427,0.017073808,-0.0023731322,3875.136269452251,99.5,0.1032,40000,13.88349461555481,0.014966478787905111,0.011749741158490387,3.49521803855896,0.94843925882995,0.9514136014945394,3369.0666144203315,92.0,0.08680000000000002
174,26.875988960266113,4083.236129908223,678.980067725241,4882.695447277578,11.698084540752738,0.1032,0.132471732833839,1.270000000000001,0.0,99.0,1.0,0.11678266525268555,2.7659294605255127,0.009827392,0.020122387,-0.0029124923,3895.946255497848,99.0,0.10319999999999999,40000,10.152300834655762,0.011949065056853952,0.009385559930550303,3.848536252975464,0.9621128823316794,0.9611001012993476,3554.1756380711204,92.0,0.0848
175,24.2800509929657,3995.03450425493,796.8734152557893,4869.490051579011,-2.7019107986784383,0.10300000000000001,0.09105492847726589,0.7100000000000004,0.0,98.0,0.9,0.08008503913879395,3.217794895172119,0.008116595,0.018994473,-0.001178006,3905.8550803735566,98.0,0.10299999999999997,40000,14.852514028549194,0.012888794732282648,0.010421473180537008,3.3661627769470215,0.931394392415475,0.9253706744011623,3547.376320667255,92.0,0.0832
176,28.903070211410522,4105.39016383064,630.3722758305651,4981.029572021967,-2.7250050757774087,0.09285,0.0840260525075408,0.6100000000000003,0.0,99.0,0.9,0.12503528594970703,2.9065163135528564,0.008113448,0.017975613,-0.002035512,3925.8085887192647,99.0,0.09284999999999999,40000,13.537153482437134,0.011521953547805868,0.007547084032670042,3.6163833141326904,0.9487585995122675,0.9400883253201968,3725.4153899555163,96.0,0.08280000000000001
177,24.730350494384766,4001.222260844181,751.4259706222001,4963.304654139203,25.164751796013416,0.1166,0.12619207582094852,1.2300000000000009,0.0,98.5,1.0,0.15655159950256348,2.861813545227051,0.009920416,0.018937215,-0.00044189833,3933.349955931756,98.5,0.11659999999999998,40000,12.44365668296814,0.01383960993875453,0.010990176424708639,3.3377859592437744,0.9537298609248953,0.9455009478645874,3547.1192775921,96.0,0.08360000000000001
178,26.045323133468628,3942.7729491171417,808.969105721561,4868.739500680431,1.5083519284029065,0.11850000000000001,0.15977718860963863,1.460000000000001,0.0,98.0,0.9,0.12759900093078613,3.0438148975372314,0.008110859,0.01962429,-0.0017538456,3934.292255250295,98.0,0.1185,40000,12.97958517074585,0.01768825146757543,0.011993094710136466,4.406065940856934,0.9507102214257893,0.9506960756314586,3514.9148754409102,100.0,0.08400000000000002
179,25.464383840560913,4100.579680864191,707.9744859550536,4880.777336851358,38.244357142464736,0.09715,0.094838691998572,0.6100000000000003,0.0,99.0,1.0,0.12193107604980469,2.774851083755493,0.00999491,0.019373018,-0.0028187912,3950.920997811685,99.0,0.09715,40000,15.052601337432861,0.013153040425745272,0.011011788337746882,3.206286907196045,0.950695883600728,0.9366883350927327,3637.597963435704,100.0,0.08320000000000002
180,24.811409950256348,3988.5228980421166,862.9061331696553,4840.940792802732,-3.764203075780907,0.1134,0.11782376670264796,1.1200000000000008,0.0,98.5,0.9,0.10354351997375488,3.306084156036377,0.008102647,0.018870091,0.0003094057,3954.681187834728,98.5,0.11339999999999999,40000,16.49165654182434,0.015685819428301332,0.011991651369740688,3.2487735748291016,0.9421288007056666,0.9338409695363453,3613.080798379081,96.0,0.08800000000000001
181,25.813085556030273,4078.705852094243,685.003606993355,5032.739095648371,25.814467230125068,0.11015000000000001,0.0978083713186147,1.0300000000000007,0.0,99.5,0.9,0.10925865173339844,3.082200527191162,0.008138346,0.019390259,0.00043715746,3967.08365426068,99.5,0.11015000000000001,40000,12.027364253997803,0.013077649169384396,0.010081869979973256,3.6126630306243896,0.9455205843432216,0.9424930523934403,3642.645294343119,100.0,0.08520000000000003
182,27.751025676727295,4185.138454820828,541.5240513004303,4971.316730060379,248.88744006656006,0.10314999999999999,0.08214363943726868,0.7700000000000005,0.0,99.5,0.9,0.11075758934020996,3.220004081726074,0.008166645,0.016270582,-0.0021873685,3988.889134316695,99.5,0.10315000000000006,40000,16.290823221206665,0.007333049648954512,0.006453365391665134,2.851855993270874,0.9427060086570545,0.9367815028409667,3673.511894056948,100.0,0.08120000000000001
183,25.585522413253784,4110.038103802539,620.5891773220288,5045.863100581055,3.958845929344874,0.0981,0.10522542468434143,1.2000000000000008,0.0,99.5,0.9,0.12748456001281738,3.1574137210845947,0.008147594,0.016574653,-0.0010712708,4001.0040312652795,99.5,0.0981,40000,13.134140729904175,0.008615377404291368,0.006832683592841933,6.203628063201904,0.952113344956355,0.9523966596179191,3631.066472876746,100.0,0.07800000000000001
184,27.305363416671753,4101.690433096066,817.1269880735399,4962.185142162265,2.029783778321523,0.11625000000000002,0.15812159087234115,1.500000000000001,0.0,98.0,1.0,0.10243797302246094,2.9658501148223877,0.009915223,0.021947121,-0.0033898386,4011.072671448358,98.0,0.11625000000000009,40000,11.357971906661987,0.013523964283214496,0.00958883596609339,3.9514167308807373,0.9626812390785678,0.9556204091937262,3757.12804490009,100.0,0.07760000000000002
185,27.5802001953125,4107.239455300746,575.8488148884959,4869.419309127399,877.598556056401,0.10035,0.06968771412523157,0.3300000000000001,0.0,100.0,1.0,0.10767602920532227,3.0277841091156006,0.009990511,0.018884834,-0.0019999328,4020.689349833597,100.0,0.10034999999999997,40000,14.365397691726685,0.010160962385029636,0.007956106593598623,3.2009470462799072,1.000780403490473,0.9208793586661854,3759.616975754067,96.0,0.07600000000000001
186,28.15811061859131,4089.374168326139,784.7174829111971,4920.947280737272,18.009460598000683,0.09105,0.14011208905729733,1.2300000000000009,0.0,98.5,0.9,0.13955020904541016,3.1236648559570312,0.008208418,0.018310977,0.0016483048,4027.5578316828514,98.5,0.09105000000000002,40000,13.141687154769897,0.012970251709951105,0.009338366746972377,4.047226667404175,0.9644858491576079,0.9608442334112157,3813.763964180169,92.0,0.07800000000000001
187,26.538662910461426,4129.110089271597,772.5792228059033,4984.629838931191,21.346354224830716,0.1025,0.12462644181713613,1.1800000000000008,0.0,98.5,0.9,0.137007474899292,3.3278894424438477,0.0081136655,0.01942748,0.0024336854,4037.713057441726,98.5,0.1025,40000,13.426243782043457,0.012184027061809042,0.009410781960913061,3.5612900257110596,0.9511550336908083,0.9506420281891657,3961.138699800974,100.0,0.08160000000000002
188,26.226735830307007,4144.79690698232,726.698524802931,5016.095602765979,403.049704961968,0.1053,0.0930908695845087,0.7900000000000005,0.0,99.5,1.0,0.07510828971862793,3.3320837020874023,0.009954632,0.021113193,-0.0049184295,4048.4214423957856,99.5,0.10529999999999999,40000,14.445959329605103,0.012263981161962957,0.010144885072955056,3.2934656143188477,0.9370437389134246,0.9389722847948699,3962.906703816749,100.0,0.07720000000000002
189,26.062271118164062,4082.496466659483,666.9514470085179,5074.844170345127,793.5207695553913,0.08670000000000001,0.07794299198773423,0.48000000000000026,0.0,100.0,1.0,0.08580541610717773,3.294783353805542,0.009969309,0.019528996,0.002953015,4051.8289448221553,100.0,0.08670000000000001,40000,14.875959157943726,0.01198439621930661,0.010313850035239448,3.116652250289917,0.9721401484404572,0.9318436318177087,4028.2479001058464,100.0,0.08040000000000003
190,26.426127433776855,4150.087808112901,765.2094544209846,5055.510668004585,-1.4028851716911905,0.10945,0.13621379335441774,1.1000000000000008,0.0,99.0,1.0,0.08310151100158691,2.9169929027557373,0.009928094,0.017341174,-0.004796944,4061.65483115123,99.0,0.10945,40000,13.844232320785522,0.016548471108189963,0.011580423208533336,3.7268667221069336,0.9590259389978667,0.9449428816235425,4057.969940737483,100.0,0.08080000000000002
191,28.957947492599487,4110.639553972824,685.6249408131011,4984.832606870187,149.36198881887032,0.10675000000000001,0.11142233842457269,0.9400000000000006,0.0,99.0,1.0,0.0904695987701416,3.1968297958374023,0.009993125,0.020860463,-0.0015760406,4066.5533034333894,99.0,0.10675000000000003,40000,13.4587082862854,0.013956913613808835,0.011192012593377673,3.8431808948516846,0.9554098567280882,0.9496725506684549,3982.823326078725,100.0,0.07880000000000001
192,26.386070489883423,4207.578326606581,514.7756396022966,5003.034201979308,1162.9664560842878,0.08985,0.06968843160812274,0.22000000000000006,0.0,100.0,0.9,0.13928723335266113,3.0507450103759766,0.008138336,0.017520446,-0.002429129,4080.6558057507086,100.0,0.08985000000000001,40000,13.753124475479126,0.008330141050260382,0.00641741171671927,3.124143362045288,0.97187046865686,0.9378048418813575,4063.128563011131,100.0,0.07520000000000002
193,25.440637350082397,4151.2702897755,666.9900758930335,4992.992553924221,462.441005162673,0.09230000000000001,0.07684211085075685,0.5600000000000003,0.0,100.0,0.9,0.08475136756896973,3.4091341495513916,0.008140028,0.017493011,-0.0018574821,4087.717254153188,100.0,0.09229999999999997,40000,15.31457805633545,0.01319241152306845,0.010623343304877408,4.267476797103882,0.940468903750448,0.9403787359129591,4148.629518451956,100.0,0.07320000000000002
194,28.29886770248413,4202.316826935123,644.5444486508849,4992.663174302735,32.31391902359301,0.0888,0.0927230284233642,0.9200000000000006,0.0,99.5,0.9,0.08632135391235352,3.458221673965454,0.008150757,0.0175884,0.0018690896,4099.177211431382,99.5,0.08879999999999999,40000,14.426074981689453,0.010666511466281071,0.007242954989165888,3.0389983654022217,0.9556639394899406,0.9576117883656958,4160.5515288802235,100.0,0.07640000000000002
195,26.568762063980103,4203.039715127796,608.4449903452017,4973.493233433515,63.95537211929645,0.0999,0.08824958923417155,0.7300000000000004,0.0,99.5,1.0,0.0942690372467041,3.5213396549224854,0.0099074375,0.01884208,-0.0034943365,4109.563461801024,99.5,0.0999,40000,15.748592138290405,0.00917423906582887,0.006665303183257919,3.86968731880188,0.9532990859468693,0.9495358653898035,4010.673045746708,100.0,0.07360000000000001
196,26.372620344161987,4129.551997659244,717.2077985617943,5138.088013960843,124.1851864806275,0.08460000000000001,0.08646872266895125,0.8000000000000005,0.0,99.5,0.9,0.11809682846069336,2.699040412902832,0.008132249,0.018191243,-1.3032532e-05,4111.5623153868455,99.5,0.08460000000000001,40000,14.279009103775024,0.014901393618483692,0.01117745758126241,3.261592149734497,0.9485244601828519,0.9414897707225905,4026.8153752653657,100.0,0.07400000000000001
197,29.306448459625244,4206.930161864453,762.5471527050901,4945.720132379585,47.58269819882203,0.1015,0.12259588084434166,1.1300000000000008,0.0,98.5,0.9,0.1098177433013916,3.129420518875122,0.008141655,0.017856123,-0.002329152,4121.099100034607,98.5,0.10150000000000002,40000,12.556030511856079,0.013261205245067544,0.010155139686994562,4.21862268447876,0.9562270223681498,0.9494998533733965,4057.7711806080856,100.0,0.07640000000000001
198,26.900558471679688,4196.967964094341,790.8645213527504,4934.024351640146,-3.4467345821064055,0.10465000000000002,0.1353324702353431,1.1300000000000008,0.0,98.5,0.9,0.10843825340270996,3.406795024871826,0.008131454,0.019083906,-0.0029648452,4128.68598644058,98.5,0.10465000000000002,40000,16.018457174301147,0.01239254218844439,0.00950716245148545,2.5244975090026855,0.9551502071757414,0.9501277425689796,4070.899684959218,96.0,0.07440000000000001
199,27.159236669540405,4230.294795081036,643.6398552763776,4944.961023166316,1191.2136138829578,0.09195,0.07801728975041367,0.47000000000000025,0.0,100.0,1.0,0.16946935653686523,2.7494394779205322,0.009953755,0.019800218,0.0010859665,4138.846867304625,100.0,0.09194999999999996,40000,16.360551595687866,0.010392968925645271,0.008261352241735421,2.917550563812256,0.9744969569546452,0.9257004742503214,4065.637038457428,96.0,0.07360000000000001
200,25.867318391799927,4211.713937326938,773.6472479534908,4993.662581104599,-2.0737686076514112,0.09645000000000001,0.11360412624548463,0.8100000000000005,0.0,98.0,1.0,0.13966989517211914,3.1697702407836914,0.0099788,0.019895226,-0.0036474199,4146.133574306857,98.0,0.09645,40000,13.642532587051392,0.011471433072613198,0.009276914492868826,4.054441452026367,0.951188201938538,0.9445247803027429,3982.760054504239,92.0,0.07400000000000002
